time,predicted_aqi,category
2026-10-05 22:00:00,139.66,Unhealthy for Sensitive Groups
2026-10-05 23:00:00,141.55,Unhealthy for Sensitive Groups
2026-10-06 00:00:00,142.95,Unhealthy for Sensitive Groups
2026-10-06 01:00:00,142.89,Unhealthy for Sensitive Groups
2026-10-06 02:00:00,144.11,Unhealthy for Sensitive Groups
2026-10-06 03:00:00,143.15,Unhealthy for Sensitive Groups
2026-10-06 04:00:00,143.27,Unhealthy for Sensitive Groups
2026-10-06 05:00:00,143.12,Unhealthy for Sensitive Groups
2026-10-06 06:00:00,143.1,Unhealthy for Sensitive Groups
2026-10-06 07:00:00,142.88,Unhealthy for Sensitive Groups
2026-10-06 08:00:00,143.85,Unhealthy for Sensitive Groups
2026-10-06 09:00:00,145.72,Unhealthy for Sensitive Groups
2026-10-06 10:00:00,146.96,Unhealthy for Sensitive Groups
2026-10-06 11:00:00,147.76,Unhealthy for Sensitive Groups
2026-10-06 12:00:00,147.48,Unhealthy for Sensitive Groups
2026-10-06 13:00:00,147.45,Unhealthy for Sensitive Groups
2026-10-06 14:00:00,147.4,Unhealthy for Sensitive Groups
2026-10-06 15:00:00,146.44,Unhealthy for Sensitive Groups
2026-10-06 16:00:00,145.44,Unhealthy for Sensitive Groups
2026-10-06 17:00:00,146.31,Unhealthy for Sensitive Groups
2026-10-06 18:00:00,150.47,Unhealthy
2026-10-06 19:00:00,151.04,Unhealthy
2026-10-06 20:00:00,146.07,Unhealthy for Sensitive Groups
2026-10-06 21:00:00,139.65,Unhealthy for Sensitive Groups
2026-10-06 22:00:00,137.84,Unhealthy for Sensitive Groups
2026-10-06 23:00:00,134.94,Unhealthy for Sensitive Groups
2026-10-07 00:00:00,134.18,Unhealthy for Sensitive Groups
2026-10-07 01:00:00,133.67,Unhealthy for Sensitive Groups
2026-10-07 02:00:00,134.21,Unhealthy for Sensitive Groups
2026-10-07 03:00:00,133.81,Unhealthy for Sensitive Groups
2026-10-07 04:00:00,133.82,Unhealthy for Sensitive Groups
2026-10-07 05:00:00,134.05,Unhealthy for Sensitive Groups
2026-10-07 06:00:00,134.08,Unhealthy for Sensitive Groups
2026-10-07 07:00:00,133.81,Unhealthy for Sensitive Groups
2026-10-07 08:00:00,134.2,Unhealthy for Sensitive Groups
2026-10-07 09:00:00,135.38,Unhealthy for Sensitive Groups
2026-10-07 10:00:00,135.78,Unhealthy for Sensitive Groups
2026-10-07 11:00:00,136.87,Unhealthy for Sensitive Groups
2026-10-07 12:00:00,137.26,Unhealthy for Sensitive Groups
2026-10-07 13:00:00,137.81,Unhealthy for Sensitive Groups
2026-10-07 14:00:00,138.13,Unhealthy for Sensitive Groups
2026-10-07 15:00:00,138.31,Unhealthy for Sensitive Groups
2026-10-07 16:00:00,138.89,Unhealthy for Sensitive Groups
2026-10-07 17:00:00,141.94,Unhealthy for Sensitive Groups
2026-10-07 18:00:00,143.57,Unhealthy for Sensitive Groups
2026-10-07 19:00:00,142.69,Unhealthy for Sensitive Groups
2026-10-07 20:00:00,139.59,Unhealthy for Sensitive Groups
2026-10-07 21:00:00,139.23,Unhealthy for Sensitive Groups
2026-10-07 22:00:00,138.23,Unhealthy for Sensitive Groups
2026-10-07 23:00:00,136.81,Unhealthy for Sensitive Groups
