time,pm10,pm2_5,carbon_monoxide,nitrogen_dioxide,sulphur_dioxide,ozone,us_aqi,temperature_2m,relative_humidity_2m,precipitation,surface_pressure,wind_speed_10m,wind_direction_10m
2026-09-05 00:00:00,96.2,84.8,1338.0,99.3,14.1,3.0,129,25.2,86,0.0,949.9,9.5,80
2026-09-05 01:00:00,80.8,70.5,1031.0,95.7,11.6,5.0,132,25.2,79,0.0,949.5,7.6,68
2026-09-05 02:00:00,71.0,60.3,780.0,89.1,9.4,9.0,134,24.2,78,0.0,948.9,3.7,47
2026-09-05 03:00:00,63.6,53.1,591.0,76.5,8.1,16.0,136,24.2,77,0.0,948.7,2.7,20
2026-09-05 04:00:00,54.0,45.6,458.0,60.8,7.2,25.0,139,23.7,81,0.0,948.4,2.9,11
2026-09-05 05:00:00,46.8,38.3,428.0,30.4,7.3,47.0,142,22.5,92,0.0,948.3,10.7,44
2026-09-05 06:00:00,45.5,37.1,590.0,34.9,7.0,46.0,141,21.9,91,0.6,948.0,8.7,58
2026-09-05 07:00:00,44.5,37.5,857.0,40.5,6.9,46.0,141,23.0,89,0.0,950.2,5.3,252
2026-09-05 08:00:00,45.6,37.0,1010.0,41.3,8.2,60.0,140,24.2,84,0.0,950.6,6.9,293
2026-09-05 09:00:00,49.9,34.5,929.0,32.4,12.7,100.0,139,26.6,69,0.0,951.1,3.4,270
2026-09-05 10:00:00,56.6,38.1,735.0,18.5,18.8,155.0,138,28.1,63,0.0,951.4,5.0,255
2026-09-05 11:00:00,63.1,42.0,577.0,8.1,22.5,195.0,138,26.4,70,0.0,951.5,4.7,317
2026-09-05 12:00:00,68.2,44.9,496.0,4.0,21.7,211.0,138,29.6,60,0.0,951.2,1.5,284
2026-09-05 13:00:00,72.2,46.8,450.0,3.3,18.6,214.0,139,30.5,57,0.0,950.3,5.8,231
2026-09-05 14:00:00,75.9,48.1,463.0,5.9,16.0,208.0,139,30.9,55,0.0,949.3,7.6,262
2026-09-05 15:00:00,77.8,48.7,521.0,10.5,14.7,196.0,140,31.0,51,0.0,948.7,8.1,267
2026-09-05 16:00:00,78.2,49.1,636.0,18.4,13.8,175.0,151,30.8,48,0.0,948.2,8.4,281
2026-09-05 17:00:00,56.7,37.6,873.0,25.6,12.3,149.0,169,31.0,54,0.0,948.3,5.6,297
2026-09-05 18:00:00,62.2,44.4,1380.0,57.5,13.4,107.0,177,28.9,69,0.0,947.8,3.9,298
2026-09-05 19:00:00,75.0,56.1,2008.0,101.1,14.9,49.0,169,27.0,78,0.0,947.9,4.1,326
2026-09-05 20:00:00,87.3,68.0,2369.0,130.2,15.8,7.0,145,26.3,82,0.0,948.4,4.2,329
2026-09-05 21:00:00,94.5,75.2,2236.0,131.5,15.6,0.0,144,26.0,81,0.0,949.0,5.7,319
2026-09-05 22:00:00,100.8,82.4,1837.0,118.4,14.8,0.0,144,25.8,76,0.0,949.2,6.9,313
2026-09-05 23:00:00,99.4,82.7,1469.0,104.9,13.6,3.0,144,26.7,72,0.0,949.5,10.2,315
2026-09-06 00:00:00,89.6,75.7,1229.0,95.9,11.8,5.0,143,25.3,71,0.1,948.7,16.2,359
2026-09-06 01:00:00,72.4,61.2,1020.0,86.5,9.6,9.0,142,21.1,90,0.1,949.7,19.8,163
2026-09-06 02:00:00,57.6,47.8,848.0,75.6,8.0,15.0,141,20.1,95,0.4,949.2,11.6,352
2026-09-06 03:00:00,49.6,40.2,705.0,61.1,7.5,24.0,140,20.8,96,0.9,950.5,2.9,4
2026-09-06 04:00:00,48.8,38.1,599.0,45.2,7.7,36.0,138,20.6,93,1.7,948.7,13.5,48
2026-09-06 05:00:00,34.5,26.0,555.0,15.6,7.1,84.0,137,21.4,98,0.4,948.7,5.2,254
2026-09-06 06:00:00,36.4,28.3,619.0,18.4,6.6,78.0,136,21.3,97,0.0,949.6,5.3,352
2026-09-06 07:00:00,32.6,26.1,745.0,22.0,6.0,70.0,135,22.4,90,0.0,950.2,6.0,63
2026-09-06 08:00:00,33.5,26.0,820.0,22.9,6.8,76.0,134,23.6,86,0.0,951.1,5.7,134
2026-09-06 09:00:00,37.1,25.0,784.0,18.6,10.5,106.0,133,24.9,81,0.0,951.7,4.9,84
2026-09-06 10:00:00,42.4,27.5,697.0,11.6,15.6,150.0,132,26.6,75,0.0,951.8,4.4,83
2026-09-06 11:00:00,46.7,31.0,629.0,6.3,19.0,183.0,131,28.1,68,0.0,952.3,3.3,144
2026-09-06 12:00:00,48.8,33.4,608.0,4.0,19.0,198.0,130,29.4,61,0.0,951.9,4.7,203
2026-09-06 13:00:00,48.2,33.8,605.0,3.2,17.2,203.0,128,30.0,59,0.0,951.0,5.8,231
2026-09-06 14:00:00,47.3,33.4,607.0,4.3,15.5,201.0,127,30.6,56,0.0,950.2,6.4,248
2026-09-06 15:00:00,46.4,32.9,592.0,5.8,14.3,193.0,126,30.6,56,0.0,949.2,7.0,260
2026-09-06 16:00:00,46.7,33.1,582.0,9.1,13.2,177.0,145,30.2,58,0.0,948.7,6.5,272
2026-09-06 17:00:00,44.4,32.7,623.0,10.7,15.2,190.0,162,29.9,57,0.0,948.7,7.2,269
2026-09-06 18:00:00,49.9,39.9,771.0,32.8,15.3,151.0,176,28.3,66,0.0,948.5,5.6,291
2026-09-06 19:00:00,58.7,48.4,970.0,63.3,15.3,97.0,176,26.9,70,0.0,948.3,5.8,309
2026-09-06 20:00:00,63.3,52.9,1101.0,85.9,15.4,55.0,162,26.0,75,0.0,948.6,5.6,312
2026-09-06 21:00:00,65.9,55.1,1112.0,94.2,15.7,39.0,136,25.3,79,0.0,948.9,5.3,322
2026-09-06 22:00:00,72.2,61.5,1055.0,94.6,16.1,36.0,117,24.8,80,0.0,949.3,5.2,329
2026-09-06 23:00:00,78.7,68.2,970.0,90.5,15.6,34.0,115,25.3,78,0.0,949.0,4.7,332
2026-09-07 00:00:00,80.1,70.3,849.0,81.0,13.6,31.0,113,24.5,82,0.0,949.1,2.9,11
2026-09-07 01:00:00,74.3,65.7,700.0,66.9,10.8,30.0,113,23.8,84,0.0,949.2,6.0,41
2026-09-07 02:00:00,68.5,60.5,584.0,54.0,8.6,30.0,113,23.4,83,0.0,949.1,7.3,38
2026-09-07 03:00:00,63.8,55.9,507.0,43.6,7.5,31.0,114,23.0,85,0.0,949.2,6.1,40
2026-09-07 04:00:00,59.4,51.5,463.0,34.4,7.0,33.0,116,22.8,86,0.0,949.0,6.0,44
2026-09-07 05:00:00,72.4,61.9,491.0,32.3,9.0,41.0,117,23.5,84,0.0,949.2,5.0,44
2026-09-07 06:00:00,69.2,59.4,666.0,32.3,9.8,55.0,121,23.2,85,0.0,949.2,5.1,42
2026-09-07 07:00:00,64.5,56.1,913.0,31.9,11.0,75.0,124,24.4,81,0.0,949.5,5.1,39
2026-09-07 08:00:00,55.9,44.6,1045.0,29.4,12.8,100.0,128,26.0,76,0.0,949.9,2.8,79
2026-09-07 09:00:00,53.2,39.6,949.0,22.7,16.1,132.0,129,27.6,72,0.0,950.2,2.8,135
2026-09-07 10:00:00,51.7,38.1,738.0,13.9,20.1,168.0,131,29.1,67,0.0,950.5,3.3,193
2026-09-07 11:00:00,49.5,36.4,564.0,7.3,22.2,195.0,132,30.1,60,0.0,950.5,6.2,244
2026-09-07 12:00:00,47.5,34.8,475.0,4.4,20.9,207.0,133,30.8,57,0.0,950.1,6.4,238
2026-09-07 13:00:00,46.6,34.5,423.0,3.7,17.7,209.0,133,31.2,55,0.0,949.4,5.7,235
2026-09-07 14:00:00,46.0,34.2,420.0,5.6,15.2,204.0,133,31.5,54,0.0,948.5,5.2,226
2026-09-07 15:00:00,45.8,34.0,433.0,7.9,14.1,195.0,141,31.4,53,0.0,948.0,4.5,230
2026-09-07 16:00:00,44.8,33.4,495.0,12.7,13.7,180.0,162,31.1,55,0.0,947.4,2.2,215
2026-09-07 17:00:00,36.7,27.3,721.0,17.1,14.2,170.0,175,31.3,56,0.0,947.5,4.8,146
2026-09-07 18:00:00,43.0,35.0,1337.0,49.4,14.9,124.0,181,29.3,73,0.0,947.7,2.7,98
2026-09-07 19:00:00,52.5,44.5,2117.0,93.6,15.8,61.0,174,27.6,77,0.0,947.6,2.9,43
2026-09-07 20:00:00,59.8,51.7,2500.0,124.3,16.5,15.0,153,26.9,77,0.0,948.2,3.6,20
2026-09-07 21:00:00,63.6,55.2,2104.0,129.2,17.2,5.0,131,26.1,80,0.0,948.6,3.3,22
2026-09-07 22:00:00,66.6,58.0,1310.0,120.7,17.7,13.0,131,25.6,80,0.0,949.1,3.6,30
2026-09-07 23:00:00,72.9,64.0,708.0,110.3,17.3,19.0,131,26.1,77,0.0,949.1,3.3,41
2026-09-08 00:00:00,79.9,71.0,555.0,101.6,15.1,16.0,131,25.3,79,0.0,949.0,5.7,46
2026-09-08 01:00:00,80.3,72.2,594.0,91.2,12.0,12.0,131,25.0,80,0.0,948.8,5.1,39
2026-09-08 02:00:00,75.0,68.2,633.0,80.0,9.5,10.0,131,24.9,80,0.0,948.7,5.2,41
2026-09-08 03:00:00,68.5,62.4,581.0,66.4,8.1,13.0,132,24.7,79,0.0,948.5,5.1,42
2026-09-08 04:00:00,62.4,56.7,531.0,52.0,7.4,18.0,133,24.5,80,0.0,948.4,5.3,52
2026-09-08 05:00:00,79.2,71.7,570.0,60.0,8.5,9.0,133,24.7,80,0.0,948.3,3.3,36
2026-09-08 06:00:00,78.2,70.8,809.0,55.8,10.9,27.0,134,24.1,83,0.0,948.7,2.8,35
2026-09-08 07:00:00,78.7,73.1,1137.0,49.6,14.2,52.0,136,25.1,79,0.0,949.2,3.6,49
2026-09-08 08:00:00,55.3,46.9,1315.0,41.7,16.4,81.0,137,26.5,74,0.0,949.7,2.8,105
2026-09-08 09:00:00,47.8,36.7,1197.0,30.3,16.5,116.0,138,28.2,70,0.0,950.1,3.1,140
2026-09-08 10:00:00,44.6,31.0,927.0,17.2,15.6,155.0,137,29.6,67,0.0,950.5,3.5,201
2026-09-08 11:00:00,45.1,28.6,700.0,7.6,14.4,184.0,137,30.9,59,0.0,950.5,6.1,240
2026-09-08 12:00:00,44.7,26.7,565.0,3.5,13.0,197.0,136,31.8,52,0.0,950.0,6.4,262
2026-09-08 13:00:00,44.9,25.9,473.0,3.1,11.4,199.0,135,32.2,49,0.0,949.6,6.9,275
2026-09-08 14:00:00,44.1,25.4,465.0,5.5,10.3,195.0,134,32.3,49,0.0,948.6,6.9,276
2026-09-08 15:00:00,44.1,25.4,574.0,8.7,9.8,186.0,133,32.1,50,0.0,947.9,7.3,280
2026-09-08 16:00:00,44.6,25.5,768.0,14.8,9.8,169.0,146,31.7,52,0.0,947.8,7.2,289
2026-09-08 17:00:00,65.2,39.3,989.0,27.6,10.6,143.0,161,32.0,54,0.0,947.3,4.6,283
2026-09-08 18:00:00,76.8,49.6,1277.0,58.2,12.2,104.0,165,30.2,66,0.0,947.3,3.1,347
2026-09-08 19:00:00,91.3,61.9,1592.0,100.0,14.5,50.0,157,28.3,76,0.0,947.1,3.6,9
2026-09-08 20:00:00,102.2,71.0,1761.0,129.1,16.1,11.0,136,27.4,80,0.0,947.4,4.5,5
2026-09-08 21:00:00,105.9,74.5,1685.0,134.0,16.9,1.0,138,26.8,81,0.0,947.9,4.0,360
2026-09-08 22:00:00,107.3,77.1,1463.0,126.2,17.0,5.0,140,26.3,81,0.0,947.9,3.5,348
2026-09-08 23:00:00,110.8,83.1,1222.0,115.7,16.2,9.0,142,26.9,78,0.0,947.5,5.4,339
2026-09-09 00:00:00,106.2,83.1,969.0,104.4,13.7,8.0,144,26.4,80,0.0,947.4,3.6,360
2026-09-09 01:00:00,92.9,75.7,697.0,90.5,10.3,7.0,145,25.9,82,0.0,947.1,2.2,14
2026-09-09 02:00:00,79.2,66.1,509.0,78.2,7.5,6.0,146,25.6,81,0.0,946.7,3.1,3
2026-09-09 03:00:00,68.7,57.7,435.0,69.1,5.8,3.0,145,25.5,80,0.0,946.4,2.4,351
2026-09-09 04:00:00,61.2,51.3,445.0,61.7,4.8,1.0,145,25.5,79,0.0,946.6,0.7,346
2026-09-09 05:00:00,67.1,56.5,555.0,54.9,5.0,5.0,144,25.2,81,0.0,946.9,1.7,49
2026-09-09 06:00:00,64.3,52.9,865.0,52.4,7.0,23.0,143,24.3,84,0.0,947.2,3.3,36
2026-09-09 07:00:00,63.1,50.6,1275.0,48.6,9.9,49.0,141,25.4,78,0.0,947.9,4.8,34
2026-09-09 08:00:00,66.4,47.6,1495.0,42.4,12.8,79.0,139,26.9,73,0.0,948.6,5.1,73
2026-09-09 09:00:00,76.1,48.7,1343.0,31.6,15.8,117.0,139,28.8,65,0.0,949.3,5.8,92
2026-09-09 10:00:00,78.9,49.6,1001.0,18.5,18.8,160.0,140,30.1,64,0.0,949.7,4.8,110
2026-09-09 11:00:00,75.0,46.4,730.0,8.8,20.3,192.0,142,31.2,59,0.0,949.7,4.3,158
2026-09-09 12:00:00,71.0,44.5,621.0,4.6,19.2,209.0,144,32.0,56,0.0,949.4,4.1,193
2026-09-09 13:00:00,70.1,44.5,582.0,3.8,16.7,215.0,146,32.4,53,0.0,948.8,4.2,190
2026-09-09 14:00:00,68.9,44.2,597.0,6.2,14.7,213.0,147,32.8,51,0.0,948.0,3.8,197
2026-09-09 15:00:00,67.8,43.5,602.0,10.5,14.0,202.0,149,32.9,50,0.0,947.5,3.5,204
2026-09-09 16:00:00,66.6,42.8,662.0,18.1,13.9,183.0,159,32.6,50,0.0,947.2,3.1,204
2026-09-09 17:00:00,76.1,50.6,951.0,29.5,13.5,152.0,175,32.2,55,0.0,947.5,6.5,114
2026-09-09 18:00:00,80.3,57.9,1753.0,49.3,13.8,119.0,181,30.3,66,0.0,947.5,7.9,103
2026-09-09 19:00:00,87.3,63.3,2785.0,76.4,14.1,74.0,174,28.8,73,0.0,947.6,7.4,94
2026-09-09 20:00:00,92.4,66.8,3371.0,94.9,14.2,40.0,155,28.1,77,0.0,948.2,6.7,70
2026-09-09 21:00:00,96.2,69.4,3122.0,97.7,14.0,29.0,151,27.5,77,0.0,948.4,5.5,46
2026-09-09 22:00:00,100.8,73.6,2428.0,92.0,13.7,30.0,151,27.0,77,0.0,948.5,5.8,39
2026-09-09 23:00:00,102.7,75.9,1784.0,83.5,13.0,33.0,151,27.2,79,0.0,948.3,3.8,49
2026-09-10 00:00:00,101.3,75.4,1335.0,72.8,11.8,36.0,151,26.2,83,0.0,948.2,4.2,36
2026-09-10 01:00:00,98.5,73.8,936.0,59.4,10.3,41.0,151,25.8,84,0.0,948.1,5.0,30
2026-09-10 02:00:00,92.2,70.1,644.0,47.4,9.2,47.0,151,25.6,83,0.0,947.8,6.1,34
2026-09-10 03:00:00,83.6,65.0,487.0,37.2,8.8,54.0,151,25.5,83,0.0,947.7,6.9,45
2026-09-10 04:00:00,74.0,59.8,437.0,28.4,8.9,63.0,151,25.5,81,0.0,947.9,7.3,62
2026-09-10 05:00:00,84.8,69.2,470.0,33.2,8.4,49.0,151,24.8,85,0.0,948.1,4.8,68
2026-09-10 06:00:00,82.0,68.7,640.0,37.3,9.1,56.0,152,24.5,87,0.0,948.6,4.5,53
2026-09-10 07:00:00,79.9,67.5,893.0,42.4,10.3,68.0,152,25.5,83,0.0,949.2,5.8,64
2026-09-10 08:00:00,81.5,64.3,1041.0,42.5,12.1,87.0,153,27.1,77,0.0,949.9,6.0,74
2026-09-10 09:00:00,83.1,55.5,981.0,32.8,15.4,121.0,153,28.7,72,0.0,950.6,6.5,95
2026-09-10 10:00:00,78.7,51.2,817.0,18.2,19.3,163.0,153,30.1,67,0.0,951.0,6.4,122
2026-09-10 11:00:00,73.3,48.1,673.0,7.3,21.6,195.0,153,31.2,60,0.0,951.4,5.9,157
2026-09-10 12:00:00,72.6,47.8,569.0,4.0,21.0,208.0,153,31.8,57,0.1,951.0,4.8,160
2026-09-10 13:00:00,69.4,46.7,487.0,4.4,18.8,210.0,153,32.3,55,0.0,950.7,3.3,167
2026-09-10 14:00:00,65.2,44.7,492.0,6.1,17.1,208.0,154,32.6,53,0.0,949.8,2.3,113
2026-09-10 15:00:00,63.1,43.9,590.0,5.8,16.6,207.0,154,32.7,52,0.0,949.2,2.7,152
2026-09-10 16:00:00,63.1,44.1,775.0,6.7,16.5,203.0,161,32.4,52,0.0,948.8,3.5,145
2026-09-10 17:00:00,64.3,44.2,1103.0,16.5,15.4,173.0,179,32.7,52,0.0,948.7,6.4,170
2026-09-10 18:00:00,71.2,54.9,1773.0,41.1,15.6,134.0,187,30.9,64,0.0,948.4,3.2,93
2026-09-10 19:00:00,79.2,61.5,2585.0,75.1,15.9,80.0,183,29.3,68,0.0,948.5,4.4,58
2026-09-10 20:00:00,83.4,64.5,2993.0,100.0,16.3,39.0,164,28.0,75,0.0,948.7,3.0,14
2026-09-10 21:00:00,87.5,67.5,2627.0,108.3,17.2,26.0,153,27.1,81,0.0,949.1,2.9,360
2026-09-10 22:00:00,92.7,72.2,1856.0,107.5,18.2,26.0,153,26.4,86,0.0,949.1,2.2,5
2026-09-10 23:00:00,100.8,79.9,1240.0,102.8,18.3,28.0,153,27.6,77,0.0,949.2,3.3,29
2026-09-11 00:00:00,106.2,85.7,1021.0,94.5,16.6,26.0,153,26.4,83,0.0,949.2,5.3,38
2026-09-11 01:00:00,104.8,85.4,958.0,82.2,14.0,25.0,154,26.0,83,0.0,949.3,5.5,54
2026-09-11 02:00:00,99.7,81.5,884.0,69.4,11.9,27.0,154,25.9,82,0.0,949.3,6.2,54
2026-09-11 03:00:00,92.2,75.4,706.0,55.3,10.7,33.0,154,25.7,81,0.0,949.4,7.5,46
2026-09-11 04:00:00,84.8,68.9,519.0,40.6,10.0,42.0,155,25.5,80,0.0,949.6,7.5,46
2026-09-11 05:00:00,88.0,71.5,439.0,40.0,10.4,41.0,155,25.3,80,0.0,949.7,8.2,57
2026-09-11 06:00:00,83.4,68.9,573.0,39.0,10.8,54.0,155,25.0,81,0.0,950.4,7.4,51
2026-09-11 07:00:00,76.1,65.4,814.0,37.2,11.4,73.0,155,26.0,79,0.0,950.8,7.4,56
2026-09-11 08:00:00,71.2,54.9,961.0,33.3,13.0,98.0,155,27.8,73,0.0,951.6,6.2,73
2026-09-11 09:00:00,70.1,47.8,908.0,25.0,16.6,132.0,155,29.4,67,0.0,952.0,7.1,99
2026-09-11 10:00:00,68.9,46.6,761.0,14.5,21.0,172.0,154,30.7,63,0.0,952.2,6.8,130
2026-09-11 11:00:00,68.5,47.6,640.0,6.8,23.9,203.0,154,31.7,57,0.0,952.4,5.5,163
2026-09-11 12:00:00,67.3,48.1,562.0,4.2,23.6,219.0,154,32.5,53,0.0,952.4,5.1,163
2026-09-11 13:00:00,67.3,48.9,509.0,4.5,21.7,226.0,154,33.0,51,0.0,952.0,4.1,157
2026-09-11 14:00:00,66.4,48.9,548.0,6.0,20.2,227.0,154,33.2,50,0.0,951.3,4.6,138
2026-09-11 15:00:00,70.8,52.6,690.0,4.8,19.9,227.0,154,32.9,51,0.0,950.8,4.2,102
2026-09-11 16:00:00,65.7,49.4,923.0,4.7,20.1,222.0,177,32.5,52,0.0,950.4,5.2,106
2026-09-11 17:00:00,75.2,55.9,1281.0,18.1,18.2,188.0,197,32.9,49,0.0,949.9,4.2,72
2026-09-11 18:00:00,79.9,64.0,1936.0,35.3,17.6,152.0,203,30.7,65,0.0,949.9,4.5,40
2026-09-11 19:00:00,83.8,68.7,2716.0,58.4,16.7,102.0,201,29.1,75,0.0,950.1,3.5,28
2026-09-11 20:00:00,82.7,68.2,3138.0,71.7,15.6,68.0,187,28.4,78,0.0,950.7,5.7,46
2026-09-11 21:00:00,80.1,66.6,2917.0,65.6,14.4,65.0,163,28.4,74,0.0,951.4,6.7,70
2026-09-11 22:00:00,77.5,64.5,2338.0,49.7,13.0,79.0,156,27.6,77,0.0,951.8,5.5,58
2026-09-11 23:00:00,75.4,62.2,1777.0,36.3,11.8,89.0,155,27.4,75,0.0,952.3,4.1,56
2026-09-12 00:00:00,74.5,61.9,1329.0,30.4,10.8,89.0,155,26.3,79,0.0,952.2,4.1,49
2026-09-12 01:00:00,75.0,61.5,899.0,27.1,10.0,85.0,154,25.8,80,0.0,952.1,3.9,22
2026-09-12 02:00:00,66.8,54.8,578.0,23.8,9.2,85.0,154,25.5,80,0.0,952.4,3.9,22
2026-09-12 03:00:00,46.9,39.1,401.0,18.2,8.1,92.0,153,25.3,80,0.0,952.2,3.7,35
2026-09-12 04:00:00,40.4,33.8,334.0,12.6,7.1,101.0,152,25.4,79,0.0,952.4,3.6,37
2026-09-12 05:00:00,90.3,74.0,366.0,41.5,8.7,52.0,151,25.4,80,0.7,953.2,6.2,52
2026-09-12 06:00:00,88.5,73.6,567.0,48.2,8.8,46.0,151,24.7,84,0.0,953.4,2.9,11
2026-09-12 07:00:00,76.8,68.0,867.0,56.8,9.1,40.0,151,25.5,81,0.0,954.2,3.5,348
2026-09-12 08:00:00,75.2,66.8,1047.0,58.0,11.1,52.0,151,26.6,76,0.2,954.5,5.0,35
2026-09-12 09:00:00,70.5,54.7,983.0,44.6,16.6,100.0,151,28.3,70,0.1,955.0,2.4,73
2026-09-12 10:00:00,72.4,55.6,799.0,23.8,23.7,165.0,151,29.4,66,0.0,955.0,1.9,158
2026-09-12 11:00:00,73.8,57.4,643.0,8.4,28.2,216.0,152,30.1,58,0.0,955.5,2.9,187
2026-09-12 12:00:00,74.3,58.6,552.0,3.8,27.8,237.0,152,30.9,57,0.1,955.3,4.2,198
2026-09-12 13:00:00,74.0,59.1,489.0,4.4,24.9,243.0,152,31.1,56,0.1,954.7,3.6,221
2026-09-12 14:00:00,72.9,58.6,492.0,6.5,22.4,243.0,153,31.2,55,0.1,953.5,2.2,265
2026-09-12 15:00:00,71.2,57.2,560.0,4.5,21.5,243.0,153,31.3,56,0.1,952.8,2.7,290
2026-09-12 16:00:00,69.6,56.5,694.0,3.9,21.0,237.0,176,31.0,57,0.0,952.0,2.1,301
2026-09-12 17:00:00,61.2,50.3,930.0,18.0,21.1,216.0,203,30.6,59,0.0,951.8,4.3,287
2026-09-12 18:00:00,69.6,59.3,1391.0,60.1,21.5,157.0,210,29.1,70,0.0,951.5,3.1,310
2026-09-12 19:00:00,83.1,72.6,1954.0,117.7,22.1,75.0,210,27.7,79,0.0,951.3,3.5,325
2026-09-12 20:00:00,91.0,80.3,2289.0,157.7,22.3,15.0,200,26.9,83,0.0,951.6,5.6,331
2026-09-12 21:00:00,98.7,87.8,2215.0,165.1,22.2,0.0,165,26.2,85,0.0,951.9,3.9,347
2026-09-12 22:00:00,107.1,96.2,1913.0,154.9,21.9,0.0,154,25.4,89,0.0,952.1,2.1,340
2026-09-12 23:00:00,110.1,99.7,1598.0,139.4,20.7,5.0,155,26.1,86,0.0,952.0,1.8,307
2026-09-13 00:00:00,107.1,97.1,1311.0,119.9,18.0,10.0,156,25.4,86,0.0,952.4,2.4,27
2026-09-13 01:00:00,97.8,88.5,1011.0,95.1,14.5,19.0,157,25.0,86,0.0,952.7,6.9,45
2026-09-13 02:00:00,86.6,78.2,791.0,72.7,11.7,29.0,158,24.8,82,0.0,952.9,7.7,49
2026-09-13 03:00:00,75.4,68.5,693.0,54.4,10.0,38.0,159,24.5,82,0.0,952.9,7.0,35
2026-09-13 04:00:00,63.6,58.6,676.0,38.5,9.0,48.0,160,24.6,82,0.0,953.0,6.0,29
2026-09-13 05:00:00,76.8,68.7,708.0,41.1,8.6,39.0,160,24.7,85,0.0,953.1,3.8,19
2026-09-13 06:00:00,70.8,65.4,835.0,40.9,8.6,46.0,160,24.0,89,0.0,953.1,3.1,13
2026-09-13 07:00:00,67.3,62.9,1013.0,40.1,8.7,57.0,160,25.1,85,0.0,953.7,2.5,360
2026-09-13 08:00:00,59.5,53.3,1073.0,36.5,10.2,78.0,160,26.9,77,0.0,954.3,0.6,124
2026-09-13 09:00:00,66.1,52.5,897.0,27.1,14.8,119.0,159,28.8,69,0.0,954.8,1.5,173
2026-09-13 10:00:00,65.7,52.3,603.0,14.8,20.8,170.0,159,30.2,62,0.0,954.8,3.7,223
2026-09-13 11:00:00,57.3,46.0,386.0,5.8,24.1,206.0,159,31.5,54,0.0,954.4,6.7,261
2026-09-13 12:00:00,48.5,39.3,320.0,2.6,22.4,217.0,159,32.0,51,0.0,953.9,7.8,265
2026-09-13 13:00:00,44.6,36.4,331.0,2.6,18.0,213.0,158,32.4,49,0.0,953.4,8.3,283
2026-09-13 14:00:00,41.6,34.2,384.0,4.3,14.3,204.0,158,32.4,48,0.0,952.3,9.2,281
2026-09-13 15:00:00,39.5,32.6,467.0,5.7,12.4,194.0,157,32.3,49,0.0,951.8,9.3,278
2026-09-13 16:00:00,37.3,31.0,594.0,8.8,11.3,178.0,161,31.9,50,0.0,950.9,8.1,275
2026-09-13 17:00:00,41.2,34.0,766.0,17.9,10.7,158.0,177,31.2,54,0.0,950.8,7.2,243
2026-09-13 18:00:00,47.6,40.9,1058.0,34.7,11.6,130.0,183,29.8,65,0.0,950.6,2.6,295
2026-09-13 19:00:00,54.4,47.3,1397.0,57.6,12.8,92.0,177,28.4,71,0.0,950.7,2.3,337
2026-09-13 20:00:00,59.4,51.9,1565.0,72.8,13.5,63.0,158,27.5,77,0.0,951.1,1.8,349
2026-09-13 21:00:00,61.9,54.2,1414.0,73.8,13.4,51.0,153,26.7,81,0.0,951.6,2.7,8
2026-09-13 22:00:00,62.2,54.8,1092.0,66.9,12.7,49.0,152,26.1,83,0.0,952.0,2.8,18
2026-09-13 23:00:00,59.4,52.7,824.0,57.8,12.0,52.0,150,26.5,78,0.0,952.2,2.0,45
2026-09-14 00:00:00,54.0,48.0,701.0,46.4,11.2,61.0,147,25.6,79,0.0,952.6,5.4,37
2026-09-14 01:00:00,50.2,44.1,633.0,32.7,10.2,75.0,142,25.4,76,0.0,953.1,9.4,58
2026-09-14 02:00:00,47.5,41.3,576.0,21.8,9.5,87.0,137,25.3,77,0.0,953.3,9.4,47
2026-09-14 03:00:00,45.5,39.5,492.0,15.3,9.0,95.0,133,25.4,78,0.0,953.6,8.6,74
2026-09-14 04:00:00,45.4,39.1,418.0,11.7,8.7,101.0,130,25.0,78,0.0,953.7,7.1,66
2026-09-14 05:00:00,54.1,46.1,425.0,14.3,8.0,88.0,128,24.6,82,0.0,953.5,9.6,76
2026-09-14 06:00:00,54.7,47.0,600.0,18.3,8.5,93.0,126,23.9,85,0.3,953.6,6.8,63
2026-09-14 07:00:00,56.0,48.4,855.0,23.4,9.3,100.0,124,24.7,83,0.0,953.9,6.7,74
2026-09-14 08:00:00,54.9,46.8,998.0,25.5,10.8,114.0,122,26.3,75,0.0,954.5,4.2,80
2026-09-14 09:00:00,50.5,42.5,915.0,21.3,14.1,139.0,122,23.0,90,1.1,955.4,6.9,321
2026-09-14 10:00:00,50.5,41.6,721.0,14.0,18.1,169.0,121,23.9,90,1.8,954.7,2.8,320
2026-09-14 11:00:00,51.8,43.0,564.0,8.4,20.5,194.0,120,31.7,48,0.1,955.2,3.3,283
2026-09-14 12:00:00,50.5,42.4,493.0,6.1,19.9,209.0,119,32.0,49,0.0,954.6,5.8,248
2026-09-14 13:00:00,49.0,41.8,459.0,5.4,17.7,218.0,120,32.2,48,0.0,953.5,6.1,247
2026-09-14 14:00:00,47.4,40.7,469.0,6.2,15.9,221.0,129,32.2,47,0.0,952.7,6.6,249
2026-09-14 15:00:00,46.0,39.7,510.0,4.9,15.1,221.0,155,32.1,48,0.0,951.8,7.0,249
2026-09-14 16:00:00,45.1,39.2,595.0,5.1,14.5,214.0,174,31.5,51,0.0,951.3,7.4,269
2026-09-14 17:00:00,54.8,46.8,767.0,21.3,14.1,176.0,190,31.0,57,0.0,951.4,8.0,211
2026-09-14 18:00:00,63.1,55.4,1134.0,57.0,15.2,128.0,196,29.3,71,0.0,951.1,1.7,319
2026-09-14 19:00:00,75.2,67.3,1588.0,105.8,16.7,62.0,190,27.9,78,0.0,951.0,0.4,360
2026-09-14 20:00:00,82.9,75.0,1850.0,139.8,17.9,14.0,169,27.0,82,0.0,951.6,2.5,266
2026-09-14 21:00:00,86.4,78.2,1754.0,146.6,18.9,1.0,133,26.3,84,0.0,952.2,2.2,294
2026-09-14 22:00:00,91.0,82.9,1466.0,138.5,19.6,6.0,132,25.7,86,0.0,952.6,1.5,339
2026-09-14 23:00:00,95.2,87.1,1203.0,125.1,19.4,14.0,135,25.7,89,0.0,952.9,7.2,76
2026-09-15 00:00:00,95.7,88.0,1038.0,106.6,17.6,20.0,139,25.4,87,0.0,952.6,6.7,59
2026-09-15 01:00:00,92.4,85.2,900.0,82.7,14.9,29.0,143,25.2,86,0.0,952.2,4.8,61
2026-09-15 02:00:00,84.8,78.5,786.0,61.7,12.7,38.0,147,24.8,87,0.0,952.1,5.6,68
2026-09-15 03:00:00,77.5,71.9,688.0,45.4,11.5,48.0,150,24.2,88,0.0,951.7,7.8,56
2026-09-15 04:00:00,72.9,67.1,616.0,32.0,10.7,59.0,151,22.3,89,1.9,953.2,8.3,283
2026-09-15 05:00:00,46.6,42.8,598.0,10.7,7.5,106.0,152,22.8,93,4.8,952.2,8.9,99
2026-09-15 06:00:00,45.5,41.9,679.0,18.7,7.7,91.0,152,22.3,96,0.1,953.0,9.6,104
2026-09-15 07:00:00,48.5,44.5,815.0,29.4,8.2,71.0,152,22.1,97,0.1,953.2,8.3,101
2026-09-15 08:00:00,49.7,46.1,903.0,34.6,8.9,68.0,152,23.1,89,0.0,954.0,6.6,81
2026-09-15 09:00:00,47.7,42.3,896.0,28.9,10.5,96.0,152,23.0,93,1.8,953.8,1.8,53
2026-09-15 10:00:00,46.4,39.9,840.0,17.7,12.4,139.0,152,25.3,82,0.3,954.3,2.2,279
2026-09-15 11:00:00,42.1,36.2,775.0,9.0,13.4,173.0,152,22.1,93,0.0,955.1,4.5,137
2026-09-15 12:00:00,37.7,32.4,694.0,5.4,12.6,189.0,151,22.9,89,1.6,954.9,3.6,30
2026-09-15 13:00:00,35.2,30.0,603.0,4.3,10.9,195.0,151,24.1,87,1.1,953.7,7.6,89
2026-09-15 14:00:00,34.2,29.0,560.0,5.6,9.6,193.0,151,26.7,72,0.2,952.8,5.0,69
2026-09-15 15:00:00,33.3,28.3,541.0,7.1,9.1,184.0,150,27.8,65,0.0,952.0,2.8,117
2026-09-15 16:00:00,32.6,27.8,571.0,11.0,8.9,168.0,150,28.0,63,0.0,951.5,1.0,239
2026-09-15 17:00:00,25.3,22.1,781.0,23.4,9.5,136.0,151,27.6,67,0.0,951.4,0.8,135
2026-09-15 18:00:00,31.2,28.3,1398.0,51.1,10.6,98.0,157,26.4,78,0.0,951.1,1.7,221
2026-09-15 19:00:00,39.9,36.8,2196.0,89.1,12.2,46.0,151,25.2,83,0.0,951.0,5.2,286
2026-09-15 20:00:00,51.2,48.0,2627.0,116.4,13.6,8.0,141,24.6,85,0.0,951.2,4.6,288
2026-09-15 21:00:00,60.3,57.2,2354.0,123.8,15.0,0.0,138,24.0,89,0.0,951.6,4.8,299
2026-09-15 22:00:00,64.7,61.7,1715.0,120.6,16.2,0.0,136,23.7,90,0.0,951.6,5.3,325
2026-09-15 23:00:00,68.2,65.0,1171.0,113.6,16.2,1.0,133,22.9,95,0.0,952.2,2.4,36
2026-09-16 00:00:00,72.9,69.8,893.0,103.9,13.8,0.0,131,22.5,96,0.0,952.3,4.7,28
2026-09-16 01:00:00,69.8,67.8,711.0,90.5,10.1,0.0,129,22.3,95,0.0,951.9,3.2,357
2026-09-16 02:00:00,60.1,58.8,579.0,77.4,7.4,2.0,127,22.1,94,0.0,951.4,3.2,326
2026-09-16 03:00:00,49.5,48.4,472.0,64.5,6.5,11.0,125,21.9,94,0.0,951.0,3.7,299
2026-09-16 04:00:00,41.4,40.5,416.0,51.9,6.6,23.0,123,21.5,94,0.0,950.8,3.5,309
2026-09-16 05:00:00,46.7,45.2,439.0,63.8,6.5,8.0,120,22.3,91,0.0,951.0,1.5,30
2026-09-16 06:00:00,44.6,43.2,607.0,61.8,6.3,6.0,120,22.0,90,0.0,951.3,1.4,320
2026-09-16 07:00:00,47.1,46.2,855.0,58.6,6.2,4.0,121,23.3,84,0.0,951.9,3.4,328
2026-09-16 08:00:00,47.1,45.8,1018.0,52.3,7.7,19.0,121,24.7,77,0.0,952.6,1.4,310
2026-09-16 09:00:00,40.2,35.5,1017.0,40.2,12.7,64.0,121,26.4,70,0.0,952.9,1.0,211
2026-09-16 10:00:00,40.4,35.3,931.0,25.1,19.4,126.0,120,27.6,66,0.0,952.9,3.5,219
2026-09-16 11:00:00,40.6,35.5,828.0,13.5,23.4,173.0,120,28.6,59,0.0,953.5,5.6,230
2026-09-16 12:00:00,41.8,36.8,683.0,8.0,22.2,194.0,119,29.3,56,0.0,952.9,6.4,230
2026-09-16 13:00:00,42.6,37.5,521.0,6.1,18.4,200.0,120,29.6,55,0.1,952.0,5.4,236
2026-09-16 14:00:00,42.5,37.3,481.0,6.8,15.6,200.0,121,30.0,54,0.1,951.0,3.1,270
2026-09-16 15:00:00,43.1,37.7,598.0,7.3,15.4,198.0,122,29.6,56,0.3,950.4,3.6,342
2026-09-16 16:00:00,44.0,38.6,836.0,10.5,16.3,190.0,123,28.0,65,1.5,949.7,6.4,350
2026-09-16 17:00:00,62.2,53.6,1228.0,21.5,14.7,161.0,152,29.6,53,0.0,949.5,2.2,261
2026-09-16 18:00:00,76.4,68.5,1904.0,53.3,15.3,115.0,167,27.7,68,0.0,949.2,0.4,27
2026-09-16 19:00:00,84.8,77.1,2734.0,96.9,16.2,52.0,166,26.0,79,0.0,948.5,2.9,7
2026-09-16 20:00:00,93.4,85.7,3353.0,127.9,17.0,5.0,145,25.1,84,0.0,948.5,4.5,355
2026-09-16 21:00:00,96.6,88.9,3654.0,137.1,18.2,0.0,139,24.3,87,0.0,948.5,4.5,323
2026-09-16 22:00:00,105.5,97.8,3745.0,133.7,19.4,0.0,143,24.3,83,0.0,948.4,6.2,324
2026-09-16 23:00:00,114.3,106.6,3585.0,120.6,19.1,1.0,146,25.1,74,0.0,947.9,9.4,313
2026-09-17 00:00:00,108.7,102.2,3038.0,92.2,15.8,27.0,150,23.7,81,0.1,948.1,1.0,112
2026-09-17 01:00:00,59.1,54.9,2240.0,54.2,10.9,63.0,151,20.6,99,4.9,949.6,3.3,29
2026-09-17 02:00:00,49.7,46.6,1560.0,26.2,7.3,88.0,151,20.7,97,2.0,948.7,7.8,77
2026-09-17 03:00:00,43.7,40.7,1115.0,17.4,6.1,90.0,150,20.8,95,0.9,948.0,9.2,42
2026-09-17 04:00:00,41.6,38.4,788.0,18.7,6.1,80.0,150,21.4,92,0.0,947.8,2.7,4
2026-09-17 05:00:00,85.4,78.5,596.0,60.4,11.4,21.0,150,21.3,95,0.0,948.4,6.0,107
2026-09-17 06:00:00,93.6,85.9,603.0,59.2,11.8,21.0,151,20.8,95,0.0,949.0,1.8,96
2026-09-17 07:00:00,99.7,92.7,745.0,57.0,12.4,23.0,152,21.2,91,0.0,949.7,7.6,135
2026-09-17 08:00:00,84.3,76.4,845.0,51.1,12.9,37.0,154,21.9,85,0.0,950.6,6.2,102
2026-09-17 09:00:00,65.0,56.1,827.0,38.0,13.4,73.0,155,23.1,76,0.1,950.7,2.5,90
2026-09-17 10:00:00,56.5,47.5,767.0,21.3,13.8,121.0,155,24.9,66,0.0,951.6,1.5,7
2026-09-17 11:00:00,55.3,46.4,714.0,8.9,13.9,157.0,156,26.9,56,0.0,951.9,3.5,168
2026-09-17 12:00:00,52.7,44.5,630.0,4.4,13.2,171.0,156,27.5,53,0.0,951.9,7.8,148
2026-09-17 13:00:00,49.8,42.1,552.0,4.4,12.1,173.0,156,28.0,50,0.0,951.6,9.6,139
2026-09-17 14:00:00,47.3,39.9,642.0,6.2,11.4,170.0,156,28.2,48,0.0,951.1,8.2,122
2026-09-17 15:00:00,45.2,38.2,1035.0,6.4,11.4,166.0,156,28.1,47,0.0,950.5,8.3,110
2026-09-17 16:00:00,42.8,36.1,1595.0,8.5,11.8,157.0,156,28.0,48,0.0,950.0,7.1,111
2026-09-17 17:00:00,46.9,40.5,2074.0,19.6,12.0,145.0,156,26.8,58,0.0,950.1,11.5,130
2026-09-17 18:00:00,59.3,53.3,2450.0,51.8,13.7,106.0,156,25.2,69,0.0,950.1,4.4,102
2026-09-17 19:00:00,74.0,67.8,2744.0,95.8,15.9,52.0,156,24.5,73,0.0,950.0,2.0,27
2026-09-17 20:00:00,85.0,78.5,2774.0,125.1,17.0,12.0,155,24.1,73,0.0,950.6,2.3,29
2026-09-17 21:00:00,95.5,88.7,2350.0,125.8,16.2,0.0,155,23.3,75,0.0,950.6,2.6,25
2026-09-17 22:00:00,100.4,94.1,1661.0,111.9,14.3,2.0,155,22.7,78,0.0,950.5,2.4,351
2026-09-17 23:00:00,99.7,93.8,1090.0,98.4,12.3,5.0,155,23.6,83,0.0,950.4,1.8,45
2026-09-18 00:00:00,94.1,88.9,784.0,90.7,10.4,4.0,155,22.8,84,0.0,950.4,2.1,20
2026-09-18 01:00:00,84.1,79.4,596.0,83.5,8.3,3.0,154,22.6,82,0.0,950.5,2.2,325
2026-09-18 02:00:00,73.1,68.7,467.0,76.1,6.8,5.0,155,22.6,82,0.0,950.3,3.0,343
2026-09-18 03:00:00,61.7,57.6,357.0,67.2,6.1,10.0,156,22.5,81,0.0,950.2,1.5,353
2026-09-18 04:00:00,50.8,47.0,305.0,58.1,5.9,17.0,156,22.2,81,0.0,950.2,0.8,333
2026-09-18 05:00:00,41.6,38.5,376.0,56.4,5.8,17.0,156,21.8,82,0.0,949.8,5.4,312
2026-09-18 06:00:00,36.8,34.1,698.0,54.4,5.8,16.0,155,20.9,84,0.0,949.7,5.9,317
2026-09-18 07:00:00,36.6,34.0,1142.0,51.2,6.0,16.0,154,21.9,81,0.0,950.0,5.5,324
2026-09-18 08:00:00,38.8,35.9,1383.0,45.4,7.2,30.0,152,24.4,73,0.0,950.6,2.8,349
2026-09-18 09:00:00,37.0,30.0,1217.0,34.6,10.5,70.0,151,26.4,64,0.0,951.2,1.0,59
2026-09-18 10:00:00,37.5,29.2,847.0,21.2,14.7,125.0,149,27.7,61,0.0,951.7,3.1,193
2026-09-18 11:00:00,37.7,29.3,560.0,11.1,17.3,167.0,147,29.1,47,0.0,952.6,4.8,248
2026-09-18 12:00:00,38.3,30.2,446.0,5.9,16.6,189.0,146,29.5,47,0.0,952.2,5.4,244
2026-09-18 13:00:00,38.3,30.4,415.0,3.9,14.2,198.0,144,30.2,41,0.1,951.5,5.7,229
2026-09-18 14:00:00,37.8,30.3,484.0,6.0,12.2,197.0,143,30.2,39,0.1,951.1,6.2,216
2026-09-18 15:00:00,37.6,30.3,677.0,11.3,11.2,183.0,142,30.1,40,0.0,950.7,5.2,226
2026-09-18 16:00:00,37.6,30.5,970.0,20.8,10.6,158.0,141,29.8,41,0.0,950.4,3.1,220
2026-09-18 17:00:00,25.8,22.4,1309.0,32.7,12.6,144.0,141,29.8,44,0.0,950.8,3.2,341
2026-09-18 18:00:00,40.5,36.9,1800.0,67.2,14.3,104.0,154,26.6,63,0.0,950.5,3.3,354
2026-09-18 19:00:00,52.0,48.3,2338.0,114.0,16.5,49.0,151,25.2,71,0.0,950.7,2.8,342
2026-09-18 20:00:00,58.7,54.5,2549.0,143.8,17.5,8.0,135,24.5,72,0.0,951.1,2.3,337
2026-09-18 21:00:00,63.6,59.4,2156.0,140.4,16.2,0.0,132,24.2,70,0.0,951.5,3.4,342
2026-09-18 22:00:00,67.1,63.1,1437.0,119.9,13.5,0.0,129,24.1,67,0.0,951.4,4.5,331
2026-09-18 23:00:00,65.0,61.7,851.0,101.2,11.1,2.0,126,24.8,60,0.0,951.5,7.0,312
2026-09-19 00:00:00,58.2,55.6,575.0,91.6,9.2,2.0,123,23.8,64,0.0,951.2,5.0,325
2026-09-19 01:00:00,49.5,47.3,432.0,83.8,7.4,4.0,119,23.1,67,0.0,950.6,5.2,335
2026-09-19 02:00:00,41.3,39.3,346.0,75.3,6.1,7.0,116,22.5,70,0.0,950.6,3.9,323
2026-09-19 03:00:00,35.3,33.3,268.0,63.5,5.4,12.0,113,22.3,71,0.0,950.5,3.1,332
2026-09-19 04:00:00,30.9,29.1,247.0,51.0,5.1,19.0,110,22.1,71,0.0,950.6,1.3,326
2026-09-19 05:00:00,35.5,34.0,357.0,46.6,3.5,6.0,108,22.3,72,0.0,951.0,0.5,360
2026-09-19 06:00:00,33.6,32.2,740.0,50.4,4.6,7.0,108,21.0,80,0.0,951.3,2.7,48
2026-09-19 07:00:00,35.9,34.7,1255.0,54.9,6.3,11.0,108,22.2,77,0.0,952.1,3.2,34
2026-09-19 08:00:00,34.6,33.1,1547.0,53.8,8.6,29.0,108,23.9,72,0.0,953.2,2.3,86
2026-09-19 09:00:00,26.4,23.7,1401.0,41.5,12.5,76.0,108,25.8,65,0.0,954.4,2.4,107
2026-09-19 10:00:00,23.9,21.5,1033.0,23.5,17.0,137.0,107,27.6,57,0.0,954.8,2.8,117
2026-09-19 11:00:00,23.3,21.0,736.0,10.0,19.7,184.0,106,28.6,52,0.0,955.3,3.1,135
2026-09-19 12:00:00,23.8,21.5,597.0,4.6,19.0,206.0,105,29.8,48,0.0,955.1,2.4,167
2026-09-19 13:00:00,24.0,21.7,529.0,3.7,16.4,215.0,104,30.3,46,0.0,954.5,3.3,171
2026-09-19 14:00:00,23.9,21.6,561.0,5.9,14.3,214.0,103,30.5,44,0.0,953.7,3.6,171
2026-09-19 15:00:00,23.8,21.5,740.0,10.1,13.5,204.0,103,30.5,43,0.0,953.3,4.4,168
2026-09-19 16:00:00,24.1,21.5,1018.0,17.5,13.2,184.0,136,30.2,43,0.0,953.0,4.0,170
2026-09-19 17:00:00,18.2,16.8,1288.0,25.5,12.5,156.0,164,29.6,53,0.0,953.1,4.8,155
2026-09-19 18:00:00,26.8,25.7,1577.0,50.9,12.9,119.0,177,27.7,63,0.0,953.2,0.3,315
2026-09-19 19:00:00,33.8,32.6,1856.0,85.8,13.5,69.0,174,26.1,66,0.0,952.9,2.6,348
2026-09-19 20:00:00,37.4,36.4,1933.0,111.3,13.9,30.0,155,24.9,73,0.0,953.2,4.5,355
2026-09-19 21:00:00,38.9,38.0,1641.0,119.4,14.0,15.0,120,23.7,80,0.0,953.5,4.1,2
2026-09-19 22:00:00,41.7,40.7,1146.0,118.0,13.9,11.0,95,23.1,82,0.0,953.6,1.6,354
2026-09-19 23:00:00,48.3,47.4,754.0,112.4,13.1,9.0,93,24.4,73,0.0,953.7,1.2,321
2026-09-20 00:00:00,49.6,48.8,585.0,102.3,11.1,7.0,92,23.3,75,0.0,953.4,2.1,15
2026-09-20 01:00:00,46.4,45.8,520.0,87.9,8.3,7.0,91,22.7,77,0.0,953.2,2.3,360
2026-09-20 02:00:00,42.7,42.0,504.0,74.7,6.1,7.0,91,22.7,76,0.0,953.1,2.3,342
2026-09-20 03:00:00,39.6,38.8,525.0,64.8,4.5,4.0,92,22.6,74,0.0,953.1,1.5,346
2026-09-20 04:00:00,36.7,35.9,594.0,56.1,3.5,0.0,92,22.0,76,0.0,953.6,2.7,28
2026-09-20 05:00:00,33.3,32.6,696.0,44.3,5.3,19.0,93,22.5,74,0.0,954.1,2.6,56
2026-09-20 06:00:00,28.2,27.5,873.0,39.7,6.2,35.0,92,21.5,78,0.0,954.6,5.6,45
2026-09-20 07:00:00,27.0,26.5,1082.0,33.0,7.6,59.0,92,22.3,76,0.0,955.7,7.3,48
2026-09-20 08:00:00,23.0,22.3,1174.0,26.1,9.8,87.0,91,24.3,71,0.0,956.9,7.4,64
2026-09-20 09:00:00,21.4,19.7,1043.0,18.8,13.9,122.0,91,26.6,62,0.0,957.8,7.9,74
2026-09-20 10:00:00,24.7,22.1,796.0,11.2,18.8,161.0,90,28.3,59,0.0,958.1,7.4,90
2026-09-20 11:00:00,27.6,24.4,600.0,5.7,21.8,191.0,90,29.5,54,0.0,958.3,5.4,124
2026-09-20 12:00:00,27.8,24.4,510.0,3.1,21.2,206.0,91,30.4,51,0.0,957.9,3.1,140
2026-09-20 13:00:00,28.3,24.9,471.0,2.5,18.8,213.0,91,31.1,46,0.0,957.2,3.1,183
2026-09-20 14:00:00,28.8,25.2,488.0,4.4,16.7,211.0,95,31.4,44,0.0,956.3,4.4,215
2026-09-20 15:00:00,28.9,25.1,582.0,7.8,15.8,202.0,132,31.4,44,0.0,955.5,5.9,235
2026-09-20 16:00:00,29.3,25.4,733.0,13.6,15.3,185.0,160,30.8,45,0.0,955.2,7.4,266
2026-09-20 17:00:00,35.9,30.4,885.0,20.6,14.4,166.0,175,30.4,55,0.0,954.7,6.1,267
2026-09-20 18:00:00,45.2,39.7,1060.0,46.0,14.8,128.0,182,28.0,62,0.0,954.5,6.0,307
2026-09-20 19:00:00,53.8,48.1,1236.0,80.7,15.4,75.0,177,26.8,62,0.0,954.0,8.1,321
2026-09-20 20:00:00,61.0,54.8,1299.0,105.0,15.4,34.0,158,26.1,64,0.0,954.4,8.7,323
2026-09-20 21:00:00,65.7,59.1,1163.0,109.6,14.6,17.0,125,25.2,70,0.0,954.5,8.5,331
2026-09-20 22:00:00,70.3,64.0,912.0,103.7,13.3,12.0,98,24.3,75,0.0,954.3,7.5,330
2026-09-20 23:00:00,71.2,65.9,688.0,95.7,11.7,9.0,100,24.9,72,0.0,954.1,9.1,326
2026-09-21 00:00:00,65.7,61.2,527.0,87.3,9.6,7.0,102,24.3,73,0.0,953.9,6.7,329
2026-09-21 01:00:00,58.3,54.6,391.0,76.6,7.3,7.0,104,24.1,73,0.0,953.8,5.2,331
2026-09-21 02:00:00,52.0,48.7,310.0,66.7,5.4,8.0,104,23.7,75,0.0,953.6,3.9,336
2026-09-21 03:00:00,46.9,43.8,285.0,57.6,4.2,7.0,105,23.2,77,0.0,953.4,2.4,351
2026-09-21 04:00:00,42.3,39.5,315.0,49.2,3.4,7.0,106,22.9,77,0.0,953.8,1.0,22
2026-09-21 05:00:00,35.9,34.3,424.0,48.4,3.7,6.0,106,23.4,75,0.0,954.1,1.0,45
2026-09-21 06:00:00,31.8,29.7,701.0,48.8,4.7,15.0,106,22.1,78,0.0,954.4,4.3,48
2026-09-21 07:00:00,32.0,29.8,1058.0,48.9,6.4,29.0,106,22.8,73,0.0,954.8,7.4,43
2026-09-21 08:00:00,34.0,31.4,1251.0,45.4,9.2,54.0,107,24.8,67,0.0,955.5,7.6,68
2026-09-21 09:00:00,34.0,29.4,1127.0,34.9,14.7,98.0,108,26.8,61,0.0,956.1,6.7,76
2026-09-21 10:00:00,38.8,32.7,839.0,20.8,21.4,153.0,109,28.4,59,0.0,956.1,4.9,92
2026-09-21 11:00:00,43.4,36.2,606.0,10.1,25.1,193.0,110,29.7,52,0.0,955.9,2.5,172
2026-09-21 12:00:00,45.4,36.8,495.0,5.4,23.0,208.0,111,30.8,49,0.0,955.3,4.9,231
2026-09-21 13:00:00,46.0,36.8,438.0,4.2,17.9,208.0,112,31.4,47,0.0,954.2,6.8,273
2026-09-21 14:00:00,45.6,36.3,452.0,5.8,13.7,201.0,114,31.6,47,0.0,953.2,8.0,284
2026-09-21 15:00:00,45.5,36.0,551.0,8.3,11.7,189.0,115,31.5,47,0.0,952.4,8.0,288
2026-09-21 16:00:00,44.1,34.8,720.0,13.7,10.6,171.0,144,31.1,48,0.0,951.6,8.3,281
2026-09-21 17:00:00,38.5,31.4,928.0,28.5,10.1,138.0,164,30.5,54,0.0,951.3,7.4,263
2026-09-21 18:00:00,49.0,41.6,1238.0,55.9,11.2,100.0,170,28.4,66,0.0,951.2,3.2,289
2026-09-21 19:00:00,58.9,51.1,1586.0,93.3,12.7,47.0,162,27.1,70,0.0,950.9,2.7,356
2026-09-21 20:00:00,67.3,59.1,1749.0,118.5,13.7,8.0,135,25.9,76,0.0,950.9,3.8,3
2026-09-21 21:00:00,71.7,63.3,1574.0,120.4,13.9,0.0,118,24.9,79,0.0,951.0,4.3,343
2026-09-21 22:00:00,75.0,66.8,1212.0,110.2,13.7,2.0,118,24.6,77,0.0,951.0,4.2,320
2026-09-21 23:00:00,76.8,69.8,900.0,98.4,12.7,6.0,119,25.8,68,0.0,951.1,5.5,311
2026-09-22 00:00:00,72.4,67.1,715.0,87.7,10.6,6.0,119,24.8,70,0.0,951.2,3.2,344
2026-09-22 01:00:00,65.7,61.7,578.0,75.6,7.7,6.0,120,24.0,73,0.0,950.9,2.7,352
2026-09-22 02:00:00,59.5,56.1,488.0,65.1,5.5,6.0,120,23.9,73,0.0,950.9,1.3,360
2026-09-22 03:00:00,53.8,50.8,410.0,56.9,4.2,5.0,121,23.2,74,0.0,950.7,3.2,19
2026-09-22 04:00:00,48.8,46.0,378.0,50.4,3.5,3.0,122,23.0,74,0.0,950.7,3.5,15
2026-09-22 05:00:00,49.6,46.8,496.0,47.8,4.0,3.0,123,24.3,68,0.0,951.2,0.4,360
2026-09-22 06:00:00,44.2,41.2,939.0,50.0,5.6,14.0,124,23.2,71,0.0,951.5,3.1,45
2026-09-22 07:00:00,45.4,42.6,1531.0,52.5,8.1,30.0,125,23.6,69,0.0,952.1,5.6,48
2026-09-22 08:00:00,43.1,38.6,1845.0,50.8,11.3,54.0,126,25.3,65,0.0,953.0,6.8,68
2026-09-22 09:00:00,45.4,37.6,1610.0,40.9,16.4,92.0,127,27.5,57,0.0,953.8,6.5,82
2026-09-22 10:00:00,49.1,38.9,1096.0,26.8,22.2,137.0,128,29.0,57,0.0,953.9,5.3,102
2026-09-22 11:00:00,51.3,39.8,686.0,15.5,25.2,173.0,129,30.3,54,0.0,953.8,3.9,143
2026-09-22 12:00:00,51.3,38.9,496.0,9.3,22.9,193.0,129,31.2,50,0.0,953.4,1.9,214
2026-09-22 13:00:00,48.8,36.7,410.0,5.9,17.8,204.0,129,31.7,47,0.1,952.7,3.1,220
2026-09-22 14:00:00,47.3,35.3,458.0,6.3,13.7,204.0,129,32.1,43,0.1,951.8,2.4,279
2026-09-22 15:00:00,45.6,33.8,683.0,9.2,12.0,192.0,129,31.5,42,0.2,951.2,5.2,295
2026-09-22 16:00:00,44.1,32.0,1041.0,15.9,11.4,170.0,132,31.3,42,0.1,950.4,3.7,281
2026-09-22 17:00:00,51.6,37.3,1433.0,36.9,10.2,117.0,155,30.8,54,0.0,949.8,5.5,17
2026-09-22 18:00:00,64.3,50.3,1959.0,62.2,12.0,85.0,159,28.5,66,0.0,949.6,4.5,29
2026-09-22 19:00:00,77.3,62.9,2518.0,96.9,14.4,41.0,151,27.0,73,0.0,949.4,4.3,24
2026-09-22 20:00:00,81.5,66.4,2713.0,121.4,16.2,9.0,131,25.9,78,0.0,949.3,4.5,7
2026-09-22 21:00:00,82.9,67.3,2229.0,127.0,16.9,0.0,132,25.0,82,0.0,949.1,5.2,358
2026-09-22 22:00:00,86.4,70.8,1380.0,122.3,17.0,2.0,133,24.5,82,0.0,949.1,3.4,335
2026-09-22 23:00:00,90.6,75.9,711.0,114.0,16.0,5.0,133,25.8,74,0.0,949.0,1.8,323
2026-09-23 00:00:00,88.7,76.4,442.0,102.6,13.4,5.0,134,25.6,70,0.0,949.1,0.4,333
2026-09-23 01:00:00,82.2,72.2,353.0,87.5,9.8,5.0,135,24.9,70,0.0,948.9,1.3,344
2026-09-23 02:00:00,75.9,67.5,321.0,73.9,6.8,5.0,136,24.4,71,0.0,948.3,2.1,340
2026-09-23 03:00:00,70.1,62.6,297.0,62.8,4.9,4.0,137,24.2,72,0.0,948.5,1.2,333
2026-09-23 04:00:00,63.3,57.3,330.0,53.3,3.8,4.0,138,23.9,73,0.0,948.4,0.5,360
2026-09-23 05:00:00,59.8,55.2,448.0,53.7,4.5,4.0,139,24.0,79,0.0,948.9,1.8,84
2026-09-23 06:00:00,53.4,49.9,747.0,56.9,5.7,4.0,140,22.8,81,0.0,949.5,5.4,50
2026-09-23 07:00:00,52.3,49.2,1130.0,60.5,7.4,5.0,141,23.2,77,0.0,950.3,7.3,46
2026-09-23 08:00:00,51.8,47.8,1335.0,58.5,9.9,21.0,142,25.1,69,0.0,951.3,6.8,68
2026-09-23 09:00:00,50.6,40.6,1184.0,45.2,13.9,65.0,143,27.3,58,0.0,952.2,6.9,67
2026-09-23 10:00:00,48.8,38.1,855.0,26.2,18.7,124.0,143,29.1,56,0.0,952.5,7.2,86
2026-09-23 11:00:00,46.1,35.7,616.0,11.8,21.4,169.0,143,30.6,54,0.0,952.4,7.6,115
2026-09-23 12:00:00,43.7,32.8,550.0,6.2,20.4,189.0,143,31.0,52,0.0,952.1,6.0,143
2026-09-23 13:00:00,43.2,32.5,573.0,5.2,17.4,195.0,142,30.7,43,0.0,951.7,4.3,118
2026-09-23 14:00:00,41.9,31.8,706.0,6.6,15.0,194.0,141,30.7,45,0.1,951.0,1.9,197
2026-09-23 15:00:00,41.2,31.4,960.0,7.9,14.2,190.0,141,30.7,45,0.0,950.5,3.6,183
2026-09-23 16:00:00,41.1,31.1,1322.0,11.7,14.0,179.0,141,30.5,45,0.0,949.9,1.9,248
2026-09-23 17:00:00,48.4,37.0,1776.0,43.9,13.6,114.0,144,31.0,50,0.0,949.2,3.0,343
2026-09-23 18:00:00,62.6,53.0,2519.0,68.4,14.6,80.0,153,28.3,65,0.0,948.8,1.3,360
2026-09-23 19:00:00,73.8,63.3,3353.0,101.7,16.0,34.0,145,26.4,76,0.0,948.8,3.9,16
2026-09-23 20:00:00,83.8,72.9,3669.0,122.5,16.4,0.0,141,25.2,78,0.0,949.2,3.9,13
2026-09-23 21:00:00,89.4,79.6,3003.0,118.8,15.2,0.0,142,24.9,73,0.0,949.5,2.9,356
2026-09-23 22:00:00,87.1,79.2,1819.0,102.5,13.0,0.0,143,24.9,70,0.0,949.3,2.0,355
2026-09-23 23:00:00,82.0,75.4,895.0,88.5,11.0,2.0,144,26.1,69,0.0,949.4,1.0,202
2026-09-24 00:00:00,73.6,67.5,560.0,82.6,9.4,3.0,144,24.9,72,0.0,949.2,2.6,12
2026-09-24 01:00:00,63.8,58.2,486.0,78.9,7.9,4.0,143,24.5,72,0.0,948.8,2.9,353
2026-09-24 02:00:00,54.7,49.4,462.0,74.8,6.6,5.0,141,24.3,75,0.0,948.5,2.4,9
2026-09-24 03:00:00,46.7,42.0,403.0,68.8,5.5,5.0,140,23.9,78,0.0,948.3,2.9,30
2026-09-24 04:00:00,39.8,35.9,394.0,62.4,4.7,5.0,137,23.6,76,0.0,948.6,2.7,23
2026-09-24 05:00:00,34.0,31.8,484.0,50.1,4.2,8.0,135,23.6,80,0.0,948.7,1.7,41
2026-09-24 06:00:00,28.6,25.8,781.0,46.9,4.9,20.0,133,23.0,81,0.0,948.8,7.2,19
2026-09-24 07:00:00,27.8,23.7,1176.0,42.2,6.1,37.0,130,23.9,79,0.0,949.6,2.1,70
2026-09-24 08:00:00,26.6,23.1,1392.0,36.2,7.6,58.0,128,23.6,79,0.0,951.5,9.1,108
2026-09-24 09:00:00,26.0,20.6,1251.0,27.7,9.7,85.0,125,25.4,66,0.0,952.6,7.9,66
2026-09-24 10:00:00,28.0,21.7,931.0,17.9,12.2,116.0,123,25.5,67,0.3,952.8,9.4,137
2026-09-24 11:00:00,33.1,24.3,681.0,11.0,14.6,141.0,121,28.7,59,0.0,952.9,14.9,113
2026-09-24 12:00:00,36.4,26.6,590.0,9.0,17.0,155.0,120,29.4,58,0.0,952.1,12.8,118
2026-09-24 13:00:00,37.1,28.7,569.0,9.9,19.4,162.0,119,29.4,58,0.0,951.8,5.4,110
2026-09-24 14:00:00,39.2,31.2,605.0,12.1,21.2,166.0,119,29.3,55,0.3,951.1,6.1,135
2026-09-24 15:00:00,41.7,33.1,693.0,12.0,22.3,171.0,119,29.2,57,0.0,950.3,4.8,75
2026-09-24 16:00:00,42.3,33.9,838.0,13.1,22.8,172.0,119,28.7,58,0.0,949.6,6.2,38
2026-09-24 17:00:00,66.8,52.6,1043.0,31.5,19.2,140.0,119,28.5,65,0.0,948.7,8.3,30
2026-09-24 18:00:00,80.8,66.6,1390.0,62.6,20.3,100.0,127,26.8,68,0.0,948.7,9.8,60
2026-09-24 19:00:00,95.2,81.3,1796.0,104.8,21.8,46.0,123,25.9,66,0.0,948.7,7.7,60
2026-09-24 20:00:00,102.9,89.4,2021.0,132.3,22.0,6.0,124,24.9,69,0.0,948.9,6.6,53
2026-09-24 21:00:00,105.9,93.1,1927.0,131.1,20.1,0.0,126,23.8,75,0.0,949.0,2.7,37
2026-09-24 22:00:00,105.9,94.5,1651.0,115.2,17.1,0.0,127,23.9,74,0.0,949.1,0.8,333
2026-09-24 23:00:00,96.9,88.0,1360.0,100.2,14.1,2.0,129,24.1,74,0.0,949.3,3.8,287
2026-09-25 00:00:00,82.4,75.7,1081.0,91.6,11.5,2.0,130,24.1,73,0.0,949.0,3.5,321
2026-09-25 01:00:00,71.0,65.2,786.0,83.9,8.9,3.0,131,23.9,73,0.0,948.7,3.6,327
2026-09-25 02:00:00,62.9,57.4,564.0,77.1,6.9,4.0,132,23.6,74,0.0,948.5,3.1,310
2026-09-25 03:00:00,55.3,50.6,437.0,71.0,5.7,4.0,133,23.6,73,0.0,948.5,1.9,331
2026-09-25 04:00:00,48.0,43.5,383.0,65.6,5.0,4.0,134,23.4,73,0.0,948.5,1.6,360
2026-09-25 05:00:00,39.5,34.8,418.0,50.9,4.1,14.0,134,22.2,78,0.0,948.3,14.7,285
2026-09-25 06:00:00,37.6,32.6,619.0,51.0,4.5,17.0,135,20.9,85,0.4,949.2,20.3,343
2026-09-25 07:00:00,39.0,34.5,910.0,50.7,5.1,22.0,135,20.1,91,2.7,950.3,16.0,75
2026-09-25 08:00:00,40.6,35.3,1080.0,46.7,7.0,38.0,137,21.5,83,0.2,950.5,4.7,86
2026-09-25 09:00:00,43.0,32.4,1006.0,35.5,11.4,73.0,138,23.0,77,0.0,951.5,5.4,111
2026-09-25 10:00:00,45.4,33.4,811.0,20.7,17.1,119.0,139,25.4,68,0.0,951.9,1.4,113
2026-09-25 11:00:00,43.4,31.7,656.0,9.6,20.6,156.0,140,27.1,62,0.0,951.5,2.8,220
2026-09-25 12:00:00,41.8,31.0,571.0,4.6,20.1,177.0,141,28.6,56,0.0,950.8,5.7,252
2026-09-25 13:00:00,39.8,30.4,525.0,3.4,17.4,188.0,142,29.7,52,0.0,949.9,7.9,270
2026-09-25 14:00:00,39.3,30.6,584.0,6.2,15.3,190.0,142,30.1,46,0.0,948.9,8.0,288
2026-09-25 15:00:00,39.5,31.2,777.0,12.0,14.5,183.0,142,30.1,44,0.0,948.3,6.3,290
2026-09-25 16:00:00,40.3,32.0,1074.0,21.8,14.3,166.0,141,29.6,46,0.0,947.7,6.2,282
2026-09-25 17:00:00,21.1,19.8,1450.0,24.4,10.7,148.0,141,29.3,43,0.0,947.0,9.1,288
2026-09-25 18:00:00,29.8,28.5,2053.0,53.7,11.6,107.0,149,27.2,48,0.0,947.0,8.0,308
2026-09-25 19:00:00,38.6,37.4,2735.0,93.9,12.9,51.0,146,25.7,52,0.0,946.9,8.4,323
2026-09-25 20:00:00,46.6,45.3,3030.0,121.6,13.8,10.0,129,24.3,61,0.0,947.1,7.9,330
2026-09-25 21:00:00,52.7,51.1,2608.0,126.0,14.4,0.0,125,23.2,69,0.0,947.0,6.6,325
2026-09-25 22:00:00,59.1,57.3,1799.0,118.0,14.7,1.0,120,22.7,71,0.0,947.1,6.3,325
2026-09-25 23:00:00,66.6,64.3,1130.0,107.4,14.1,4.0,116,23.1,69,0.0,947.3,6.9,319
2026-09-26 00:00:00,67.5,65.2,806.0,95.8,11.8,4.0,114,22.6,70,0.0,947.2,5.1,328
2026-09-26 01:00:00,62.6,60.3,622.0,81.6,8.5,4.0,113,22.0,72,0.0,947.0,3.4,328
2026-09-26 02:00:00,55.8,53.7,493.0,69.8,5.9,4.0,112,21.7,73,0.0,946.9,2.2,336
2026-09-26 03:00:00,49.1,47.0,342.0,62.0,4.6,4.0,112,21.7,72,0.0,946.8,1.0,315
2026-09-26 04:00:00,43.7,41.4,246.0,56.6,4.0,3.0,112,21.1,73,0.0,946.6,1.9,287
2026-09-26 05:00:00,52.2,50.2,352.0,47.6,4.2,4.0,111,22.0,70,0.0,946.7,2.6,344
2026-09-26 06:00:00,48.9,46.9,900.0,51.7,5.6,6.0,113,20.9,75,0.0,946.7,3.1,31
2026-09-26 07:00:00,47.4,45.8,1649.0,56.8,7.6,10.0,114,22.1,74,0.0,947.0,2.0,5
2026-09-26 08:00:00,44.0,41.3,2026.0,55.8,9.6,27.0,116,24.6,66,0.0,947.8,2.7,238
2026-09-26 09:00:00,38.0,31.7,1650.0,43.0,11.7,70.0,116,26.8,57,0.0,948.3,4.0,243
2026-09-26 10:00:00,37.8,30.2,901.0,24.2,13.8,125.0,116,28.8,51,0.0,948.2,6.1,270
2026-09-26 11:00:00,35.6,27.9,351.0,10.0,14.7,167.0,116,30.3,42,0.0,947.9,10.3,293
2026-09-26 12:00:00,32.6,25.7,241.0,4.4,13.5,184.0,115,30.8,39,0.0,947.4,11.4,288
2026-09-26 13:00:00,31.0,24.5,329.0,3.4,11.1,188.0,115,31.2,37,0.0,946.7,12.4,289
2026-09-26 14:00:00,32.5,25.3,459.0,5.6,9.3,184.0,114,31.2,36,0.0,945.9,13.0,294
2026-09-26 15:00:00,29.7,23.7,574.0,9.3,8.8,175.0,114,31.0,36,0.0,945.2,12.3,297
2026-09-26 16:00:00,29.5,23.7,732.0,16.2,8.9,158.0,113,30.3,39,0.0,944.9,10.0,293
2026-09-26 17:00:00,22.8,20.4,947.0,36.0,9.5,128.0,133,29.3,47,0.0,944.9,6.6,296
2026-09-26 18:00:00,33.2,30.9,1319.0,64.2,10.8,93.0,145,26.8,56,0.0,944.5,4.9,306
2026-09-26 19:00:00,42.0,39.7,1749.0,102.8,12.5,44.0,138,25.4,61,0.0,944.5,6.8,318
2026-09-26 20:00:00,48.7,46.2,1954.0,128.5,13.5,9.0,113,24.3,65,0.0,944.8,6.6,334
2026-09-26 21:00:00,53.9,51.1,1747.0,129.8,13.4,0.0,113,23.1,72,0.0,945.1,5.6,345
2026-09-26 22:00:00,61.0,57.6,1315.0,118.3,12.5,2.0,113,22.5,76,0.0,945.4,4.7,7
2026-09-26 23:00:00,63.6,60.3,931.0,105.8,11.3,6.0,113,23.3,68,0.0,945.5,2.3,342
2026-09-27 00:00:00,59.8,56.9,680.0,95.5,9.5,6.0,112,22.1,70,0.0,945.6,4.8,34
2026-09-27 01:00:00,54.5,51.7,477.0,84.3,7.2,6.0,112,21.5,70,0.0,945.3,5.9,35
2026-09-27 02:00:00,50.2,47.5,345.0,74.1,5.4,6.0,111,21.0,70,0.0,945.2,5.7,37
2026-09-27 03:00:00,47.0,44.2,282.0,65.7,4.3,6.0,110,20.9,69,0.0,944.8,3.6,18
2026-09-27 04:00:00,43.9,41.1,289.0,58.4,3.8,5.0,110,20.9,69,0.0,944.6,2.9,11
2026-09-27 05:00:00,36.8,34.3,390.0,43.1,5.5,22.0,110,21.9,69,0.0,945.0,1.5,7
2026-09-27 06:00:00,34.8,32.6,682.0,41.6,6.1,29.0,108,20.8,73,0.0,945.2,3.5,39
2026-09-27 07:00:00,36.2,34.2,1068.0,39.2,7.1,41.0,106,21.5,72,0.0,945.9,5.0,46
2026-09-27 08:00:00,34.8,32.5,1277.0,34.6,9.1,62.0,105,23.6,68,0.0,946.9,5.4,84
2026-09-27 09:00:00,26.5,24.0,1137.0,25.9,13.6,101.0,104,25.9,57,0.0,947.8,5.6,97
2026-09-27 10:00:00,22.8,20.9,820.0,15.1,19.2,150.0,104,27.7,56,0.0,948.5,6.3,114
2026-09-27 11:00:00,22.2,20.4,568.0,7.1,22.2,185.0,103,29.3,53,0.0,949.0,6.8,140
2026-09-27 12:00:00,21.2,19.0,452.0,3.5,20.2,196.0,102,30.4,47,0.0,949.0,4.9,163
2026-09-27 13:00:00,19.6,16.9,403.0,2.7,15.6,193.0,101,31.1,43,0.0,948.5,4.9,180
2026-09-27 14:00:00,18.5,15.5,451.0,4.4,12.0,184.0,100,31.4,40,0.0,947.9,5.6,182
2026-09-27 15:00:00,17.8,14.7,660.0,9.5,11.0,169.0,103,31.4,39,0.0,947.6,5.2,180
2026-09-27 16:00:00,17.2,14.2,967.0,17.0,10.9,148.0,130,31.2,38,0.0,947.4,4.4,173
2026-09-27 17:00:00,15.2,13.7,1216.0,17.0,10.4,143.0,149,30.4,48,0.0,947.3,5.5,163
2026-09-27 18:00:00,23.0,21.6,1374.0,25.0,10.1,124.0,156,28.5,56,0.0,947.3,2.8,75
2026-09-27 19:00:00,27.3,25.8,1475.0,35.7,9.6,97.0,151,26.8,58,0.0,947.8,7.4,87
2026-09-27 20:00:00,30.7,29.2,1461.0,42.2,9.2,79.0,133,25.6,66,0.0,948.8,3.7,76
2026-09-27 21:00:00,34.6,32.8,1256.0,40.4,8.9,77.0,108,24.7,68,0.0,949.2,7.1,43
2026-09-27 22:00:00,38.2,36.1,938.0,34.3,8.6,83.0,93,24.3,67,0.0,949.6,6.8,37
2026-09-27 23:00:00,40.5,38.2,678.0,28.6,8.3,87.0,91,24.5,69,0.0,949.4,6.2,33
2026-09-28 00:00:00,40.3,37.8,546.0,24.4,8.0,88.0,89,23.8,72,0.0,949.4,7.0,32
2026-09-28 01:00:00,37.6,35.4,473.0,20.7,7.8,87.0,88,22.4,73,0.0,950.0,8.7,72
2026-09-28 02:00:00,34.1,32.2,428.0,18.7,7.4,82.0,87,21.9,77,0.3,949.2,11.5,58
2026-09-28 03:00:00,31.8,30.0,378.0,18.8,6.6,70.0,85,21.7,82,0.1,948.6,2.3,356
2026-09-28 04:00:00,31.1,29.3,357.0,20.8,5.6,53.0,84,18.4,95,3.0,950.6,9.3,326
2026-09-28 05:00:00,31.9,29.0,433.0,16.3,6.0,72.0,83,19.6,94,2.1,948.9,9.4,274
2026-09-28 06:00:00,32.0,29.6,722.0,29.4,6.2,56.0,83,19.3,97,0.3,950.0,8.1,141
2026-09-28 07:00:00,34.9,32.8,1109.0,46.7,6.7,36.0,83,19.2,95,0.4,951.2,5.9,92
2026-09-28 08:00:00,38.5,36.6,1316.0,55.1,8.7,35.0,83,19.2,96,1.1,951.7,7.6,82
2026-09-28 09:00:00,42.5,38.4,1169.0,45.7,13.8,72.0,83,19.5,97,1.4,951.8,13.0,64
2026-09-28 10:00:00,53.0,47.1,842.0,27.3,20.4,129.0,84,21.7,87,1.0,952.6,7.7,11
2026-09-28 11:00:00,54.5,48.0,584.0,12.9,24.3,172.0,86,22.0,90,0.2,952.2,4.6,306
2026-09-28 12:00:00,51.9,45.3,484.0,7.1,23.0,190.0,88,23.7,80,0.0,951.9,6.1,240
2026-09-28 13:00:00,47.1,41.1,452.0,5.4,18.9,195.0,90,26.0,66,0.0,951.5,6.8,282
2026-09-28 14:00:00,43.0,37.4,475.0,7.1,15.6,192.0,92,26.8,55,0.0,951.0,9.1,295
2026-09-28 15:00:00,40.0,34.8,530.0,12.4,14.3,181.0,94,27.1,53,0.0,950.6,8.4,285
2026-09-28 16:00:00,38.5,33.5,639.0,21.2,13.8,162.0,115,26.6,57,0.0,950.4,8.8,281
2026-09-28 17:00:00,21.7,20.7,849.0,27.3,11.0,133.0,142,26.6,55,0.0,950.6,9.0,270
2026-09-28 18:00:00,29.3,28.6,1291.0,54.8,11.8,96.0,153,24.6,61,0.0,950.7,7.8,279
2026-09-28 19:00:00,36.1,35.7,1835.0,92.6,12.9,45.0,147,23.5,65,0.0,951.4,7.7,298
2026-09-28 20:00:00,41.1,40.7,2137.0,119.0,13.7,8.0,120,22.4,72,0.0,952.2,4.6,324
2026-09-28 21:00:00,48.0,47.5,1999.0,125.0,14.0,0.0,100,21.4,80,0.0,952.5,4.9,356
2026-09-28 22:00:00,55.6,54.9,1620.0,119.7,13.9,0.0,101,20.9,84,0.0,952.9,5.5,13
2026-09-28 23:00:00,54.6,53.7,1247.0,109.2,13.4,5.0,103,21.4,78,0.0,953.2,4.3,17
2026-09-29 00:00:00,51.1,49.8,935.0,92.1,12.2,15.0,105,21.2,77,0.0,953.3,4.6,349
2026-09-29 01:00:00,49.7,48.1,630.0,69.9,10.6,30.0,106,20.8,80,0.0,953.2,3.7,349
2026-09-29 02:00:00,49.0,47.4,420.0,53.1,9.1,38.0,108,20.5,80,0.0,953.1,2.5,352
2026-09-29 03:00:00,47.6,46.1,318.0,46.5,7.5,32.0,109,20.4,79,0.0,953.0,2.2,336
2026-09-29 04:00:00,45.3,44.0,312.0,45.3,5.9,20.0,111,20.3,78,0.0,952.9,3.6,300
2026-09-29 05:00:00,42.5,42.1,453.0,55.6,5.6,5.0,112,20.4,79,0.0,952.9,4.5,320
2026-09-29 06:00:00,41.3,41.0,907.0,56.7,7.0,6.0,114,19.3,83,0.0,953.0,3.8,311
2026-09-29 07:00:00,44.6,44.4,1508.0,57.6,9.0,10.0,115,19.9,83,0.0,953.4,4.7,310
2026-09-29 08:00:00,36.0,35.7,1807.0,54.0,11.0,26.0,116,22.9,74,0.0,954.3,3.8,278
2026-09-29 09:00:00,20.7,20.4,1502.0,41.5,13.2,67.0,116,25.9,58,0.0,955.0,5.3,305
2026-09-29 10:00:00,16.5,16.1,895.0,24.5,15.5,121.0,114,27.7,48,0.0,954.9,8.3,311
2026-09-29 11:00:00,15.5,15.0,449.0,11.6,16.6,164.0,111,28.7,46,0.0,955.2,11.6,306
2026-09-29 12:00:00,16.4,15.8,354.0,5.7,15.6,187.0,108,29.1,47,0.0,954.8,12.2,299
2026-09-29 13:00:00,17.2,16.5,420.0,4.0,13.5,200.0,104,29.5,46,0.0,954.0,11.9,295
2026-09-29 14:00:00,17.3,16.5,536.0,6.5,11.8,200.0,102,29.7,43,0.0,953.2,11.9,295
2026-09-29 15:00:00,16.9,16.1,681.0,12.5,11.1,186.0,100,29.5,42,0.0,952.5,10.5,295
2026-09-29 16:00:00,16.5,15.6,875.0,22.7,10.8,161.0,111,29.0,43,0.0,952.3,8.9,291
2026-09-29 17:00:00,15.2,13.7,1077.0,34.8,11.4,134.0,140,27.9,49,0.0,952.3,8.1,291
2026-09-29 18:00:00,25.4,24.0,1325.0,61.8,12.3,97.0,153,25.6,56,0.0,952.2,7.2,302
2026-09-29 19:00:00,34.5,33.1,1579.0,98.6,13.4,45.0,149,24.0,62,0.0,952.2,7.4,313
2026-09-29 20:00:00,42.1,40.6,1677.0,122.7,14.0,8.0,124,22.6,68,0.0,952.3,7.4,326
2026-09-29 21:00:00,48.1,46.3,1501.0,122.1,13.6,0.0,96,21.9,70,0.0,952.4,7.1,333
2026-09-29 22:00:00,54.4,52.4,1169.0,108.8,12.7,3.0,96,21.7,69,0.0,952.4,6.8,325
2026-09-29 23:00:00,57.2,54.9,866.0,96.5,11.5,7.0,95,22.2,64,0.0,952.1,8.1,317
2026-09-30 00:00:00,52.4,50.6,645.0,90.5,9.9,6.0,96,21.3,67,0.0,951.9,6.5,321
2026-09-30 01:00:00,43.9,42.7,454.0,85.5,8.0,6.0,96,20.9,68,0.0,951.5,5.5,319
2026-09-30 02:00:00,36.7,35.5,323.0,79.2,6.7,8.0,95,20.6,68,0.0,951.2,5.3,315
2026-09-30 03:00:00,31.4,30.2,220.0,69.1,6.2,14.0,94,20.3,68,0.0,950.9,5.5,319
2026-09-30 04:00:00,27.9,26.5,178.0,57.8,6.2,23.0,93,20.0,70,0.0,950.7,5.1,324
2026-09-30 05:00:00,31.5,30.3,326.0,68.1,6.2,8.0,92,21.1,63,0.0,950.9,5.0,319
2026-09-30 06:00:00,31.2,30.0,893.0,67.6,6.9,7.0,91,20.0,68,0.0,951.2,3.1,329
2026-09-30 07:00:00,37.0,36.1,1650.0,66.2,8.1,7.0,90,20.9,69,0.0,951.8,2.4,318
2026-09-30 08:00:00,40.2,39.0,2046.0,60.7,9.7,21.0,89,23.0,66,0.0,952.7,1.8,307
2026-09-30 09:00:00,25.3,22.2,1717.0,47.3,12.4,62.0,89,25.2,59,0.0,953.4,0.8,207
2026-09-30 10:00:00,23.1,19.1,1026.0,29.7,15.6,116.0,90,27.3,54,0.0,953.7,2.8,243
2026-09-30 11:00:00,23.7,18.5,507.0,16.1,17.5,158.0,90,29.3,45,0.0,954.0,6.6,279
2026-09-30 12:00:00,26.7,19.4,345.0,8.9,16.9,179.0,90,30.2,39,0.0,953.6,8.5,271
2026-09-30 13:00:00,29.6,20.5,356.0,5.7,14.9,187.0,90,30.5,38,0.0,953.0,9.0,269
2026-09-30 14:00:00,31.2,21.1,521.0,7.5,13.3,185.0,91,30.7,37,0.0,952.5,8.8,269
2026-09-30 15:00:00,31.0,20.8,925.0,14.5,12.4,169.0,91,30.6,38,0.0,952.0,7.6,274
2026-09-30 16:00:00,30.0,20.3,1484.0,26.5,11.9,142.0,96,30.1,40,0.0,951.8,4.7,293
2026-09-30 17:00:00,17.4,14.9,1926.0,44.1,10.6,104.0,121,29.9,49,0.0,951.9,0.8,27
2026-09-30 18:00:00,29.5,27.1,2167.0,67.5,11.6,75.0,130,27.1,58,0.0,951.6,0.9,360
2026-09-30 19:00:00,35.6,33.4,2291.0,99.4,13.0,36.0,122,25.5,64,0.0,951.8,1.8,360
2026-09-30 20:00:00,36.7,34.3,2281.0,120.3,13.8,8.0,96,24.4,66,0.0,952.4,3.8,31
2026-09-30 21:00:00,37.1,34.6,2087.0,120.2,13.5,3.0,92,24.0,64,0.0,952.7,5.0,13
2026-09-30 22:00:00,38.9,36.1,1757.0,109.2,12.7,9.0,91,23.3,64,0.0,953.1,4.8,27
2026-09-30 23:00:00,39.8,36.9,1423.0,97.8,11.5,14.0,89,23.7,63,0.0,953.2,4.8,31
2026-10-01 00:00:00,39.8,37.0,1090.0,89.4,9.9,13.0,88,22.5,67,0.0,953.0,7.1,36
2026-10-01 01:00:00,39.2,36.8,751.0,80.5,7.9,10.0,87,21.7,73,0.0,952.9,4.6,21
2026-10-01 02:00:00,36.1,34.3,518.0,71.9,6.3,8.0,87,21.3,76,0.0,952.8,3.9,13
2026-10-01 03:00:00,32.4,30.7,427.0,62.7,5.1,7.0,86,21.3,76,0.0,952.6,3.5,9
2026-10-01 04:00:00,29.8,28.3,442.0,53.6,4.1,6.0,86,21.2,75,0.0,952.0,3.6,9
2026-10-01 05:00:00,28.8,27.1,564.0,45.2,4.6,9.0,87,21.8,74,0.0,952.2,1.6,360
2026-10-01 06:00:00,28.7,27.1,911.0,47.9,5.4,5.0,86,21.3,74,0.0,952.4,2.0,350
2026-10-01 07:00:00,35.3,34.0,1366.0,51.1,6.6,1.0,86,22.3,71,0.0,952.8,2.0,355
2026-10-01 08:00:00,42.1,40.7,1575.0,49.7,8.6,13.0,86,24.6,66,0.0,953.8,2.2,312
2026-10-01 09:00:00,24.0,20.2,1291.0,39.4,12.3,55.0,86,26.8,59,0.0,954.6,1.4,220
2026-10-01 10:00:00,22.1,17.6,761.0,24.6,16.7,113.0,86,28.5,55,0.0,955.1,3.6,233
2026-10-01 11:00:00,20.1,16.0,376.0,13.1,19.4,159.0,86,30.1,44,0.0,955.7,7.2,264
2026-10-01 12:00:00,20.0,15.8,244.0,7.2,18.6,184.0,86,30.7,40,0.0,955.5,8.3,271
2026-10-01 13:00:00,20.6,16.4,256.0,4.7,16.1,198.0,85,31.0,40,0.0,955.0,7.4,273
2026-10-01 14:00:00,21.5,16.8,476.0,6.8,14.1,199.0,85,31.2,41,0.0,954.4,5.6,264
2026-10-01 15:00:00,22.4,17.2,1078.0,13.7,13.5,185.0,85,31.2,41,0.0,954.2,4.2,252
2026-10-01 16:00:00,23.9,17.9,1887.0,25.1,13.5,159.0,102,30.7,43,0.0,954.0,2.8,285
2026-10-01 17:00:00,33.9,24.2,2446.0,43.9,12.3,111.0,133,30.0,55,0.0,954.1,3.1,126
2026-10-01 18:00:00,48.8,37.0,2538.0,68.3,13.4,81.0,145,27.6,63,0.0,954.2,0.6,18
2026-10-01 19:00:00,58.2,44.7,2379.0,101.5,14.9,40.0,138,25.6,71,0.0,954.2,1.4,360
2026-10-01 20:00:00,62.6,48.1,2163.0,124.0,15.6,9.0,113,24.6,72,0.0,954.6,4.7,16
2026-10-01 21:00:00,64.7,50.8,1935.0,126.1,15.1,0.0,88,23.9,72,0.0,954.8,5.4,2
2026-10-01 22:00:00,64.0,52.0,1651.0,117.3,13.8,2.0,89,23.3,74,0.0,955.2,3.6,351
2026-10-01 23:00:00,59.8,51.6,1367.0,107.0,12.2,5.0,90,24.4,69,0.0,955.5,2.6,321
2026-10-02 00:00:00,53.1,48.0,1068.0,97.3,10.2,5.0,91,23.3,71,0.0,955.3,2.8,18
2026-10-02 01:00:00,46.0,42.5,770.0,86.0,7.8,5.0,92,22.4,75,0.0,954.9,3.1,21
2026-10-02 02:00:00,39.9,37.3,580.0,75.6,6.0,5.0,93,22.1,75,0.0,954.6,2.3,356
2026-10-02 03:00:00,34.8,32.6,534.0,66.0,4.8,5.0,93,21.9,74,0.0,954.5,2.4,343
2026-10-02 04:00:00,30.5,28.4,595.0,57.2,4.1,6.0,93,21.9,73,0.0,954.7,2.6,335
2026-10-02 05:00:00,37.1,34.7,759.0,49.5,3.7,5.0,93,22.3,76,0.0,954.6,2.9,300
2026-10-02 06:00:00,34.8,32.7,1155.0,54.4,5.2,6.0,94,21.7,76,0.0,954.9,2.2,346
2026-10-02 07:00:00,37.7,36.2,1654.0,60.4,7.4,9.0,94,22.5,75,0.0,955.2,3.5,332
2026-10-02 08:00:00,37.4,35.3,1869.0,60.1,9.6,25.0,94,25.1,69,0.0,956.3,2.4,243
2026-10-02 09:00:00,31.1,24.0,1518.0,47.5,11.9,65.0,94,27.2,62,0.0,957.0,2.4,222
2026-10-02 10:00:00,34.9,22.8,882.0,28.5,14.2,118.0,94,29.0,55,0.0,957.3,4.3,253
2026-10-02 11:00:00,39.9,22.8,417.0,13.9,15.3,159.0,95,30.6,45,0.0,957.7,6.9,264
2026-10-02 12:00:00,44.7,23.9,295.0,7.0,14.4,181.0,95,31.2,40,0.0,957.1,7.8,266
2026-10-02 13:00:00,47.6,25.0,344.0,4.4,12.3,191.0,96,31.6,38,0.0,956.5,8.0,275
2026-10-02 14:00:00,49.0,26.0,506.0,6.5,10.7,190.0,96,31.7,36,0.0,955.9,7.1,279
2026-10-02 15:00:00,49.0,26.2,825.0,12.8,10.1,177.0,97,31.7,35,0.0,955.5,6.3,267
2026-10-02 16:00:00,48.5,26.4,1258.0,23.7,10.0,153.0,102,31.1,37,0.0,955.5,5.2,264
2026-10-02 17:00:00,47.3,30.5,1614.0,48.9,10.2,113.0,129,30.2,50,0.0,955.3,4.0,262
2026-10-02 18:00:00,60.5,43.4,1861.0,76.5,12.1,82.0,139,27.9,57,0.0,955.0,2.4,333
2026-10-02 19:00:00,74.0,56.1,2033.0,114.1,14.7,39.0,132,26.3,64,0.0,955.1,2.4,347
2026-10-02 20:00:00,80.3,61.7,2039.0,137.6,16.0,8.0,106,25.3,66,0.0,955.3,3.2,344
2026-10-02 21:00:00,82.9,64.5,1774.0,134.2,15.0,0.0,102,24.5,65,0.0,955.5,4.2,348
2026-10-02 22:00:00,79.6,65.0,1343.0,116.8,12.6,1.0,103,24.1,64,0.0,955.5,4.1,347
2026-10-02 23:00:00,70.1,60.3,973.0,100.7,10.4,4.0,105,24.9,61,0.0,955.7,4.0,330
2026-10-03 00:00:00,59.4,52.7,746.0,91.6,8.5,4.0,106,23.8,64,0.0,955.3,3.5,332
2026-10-03 01:00:00,50.1,44.7,580.0,83.8,6.8,5.0,106,23.3,66,0.0,955.1,2.3,342
2026-10-03 02:00:00,42.7,38.0,458.0,75.8,5.4,6.0,106,23.1,64,0.0,954.5,1.5,324
2026-10-03 03:00:00,37.0,32.8,354.0,65.9,4.5,8.0,106,22.7,62,0.0,954.3,2.7,312
2026-10-03 04:00:00,32.2,28.3,294.0,55.9,4.1,12.0,106,22.4,62,0.0,954.0,4.2,320
2026-10-03 05:00:00,39.5,34.6,332.0,45.2,3.1,5.0,106,22.9,66,0.0,953.8,3.9,313
2026-10-03 06:00:00,36.2,31.8,571.0,51.0,4.7,6.0,106,21.3,70,0.0,953.9,3.1,332
2026-10-03 07:00:00,39.1,35.4,909.0,58.2,6.9,10.0,106,22.0,69,0.0,954.0,4.1,308
2026-10-03 08:00:00,39.8,34.9,1090.0,58.9,8.9,26.0,106,24.8,62,0.0,954.8,5.1,293
2026-10-03 09:00:00,33.8,24.8,953.0,46.6,10.7,66.0,106,27.7,54,0.0,955.5,4.8,290
2026-10-03 10:00:00,29.9,21.1,660.0,27.7,12.2,117.0,106,29.9,44,0.0,955.6,8.6,299
2026-10-03 11:00:00,28.5,19.2,438.0,13.1,12.9,158.0,106,31.0,39,0.0,955.2,13.4,302
2026-10-03 12:00:00,28.2,19.0,331.0,6.0,12.0,180.0,106,31.4,38,0.0,954.5,13.8,299
2026-10-03 13:00:00,27.7,19.2,296.0,3.2,10.2,190.0,105,32.0,36,0.0,953.9,13.0,297
2026-10-03 14:00:00,27.0,19.0,434.0,6.1,8.9,189.0,105,32.2,36,0.0,952.9,11.6,292
2026-10-03 15:00:00,26.5,19.2,902.0,15.4,8.6,173.0,104,32.0,36,0.0,952.6,10.0,290
2026-10-03 16:00:00,26.5,19.4,1544.0,30.2,8.7,145.0,103,31.3,39,0.0,952.3,6.8,282
2026-10-03 17:00:00,22.4,20.7,1987.0,49.9,9.8,114.0,126,30.8,50,0.0,952.2,3.5,285
2026-10-03 18:00:00,38.4,36.2,2064.0,78.0,11.7,84.0,136,28.2,58,0.0,951.9,1.8,11
2026-10-03 19:00:00,50.3,47.7,1944.0,116.3,14.3,42.0,129,26.7,62,0.0,952.2,2.5,4
2026-10-03 20:00:00,52.0,49.2,1759.0,141.2,15.7,11.0,104,25.9,62,0.0,952.8,4.2,10
2026-10-03 21:00:00,51.2,48.7,1517.0,141.7,14.8,1.0,99,25.1,60,0.0,953.2,6.3,13
2026-10-03 22:00:00,49.7,47.7,1210.0,128.9,12.7,3.0,98,24.2,63,0.0,953.2,4.0,27
2026-10-03 23:00:00,44.2,42.6,952.0,112.4,10.7,8.0,96,24.4,63,0.0,953.6,4.1,34
2026-10-04 00:00:00,38.0,36.2,780.0,92.4,9.3,18.0,95,23.2,66,0.0,953.2,7.5,40
2026-10-04 01:00:00,32.8,31.0,656.0,68.6,8.0,31.0,94,23.0,68,0.0,953.0,5.5,36
2026-10-04 02:00:00,29.4,27.4,577.0,49.9,6.9,40.0,93,22.9,70,0.0,952.6,5.2,27
2026-10-04 03:00:00,27.0,24.9,533.0,39.7,5.9,39.0,92,22.6,73,0.0,952.0,5.0,19
2026-10-04 04:00:00,24.8,22.8,534.0,34.5,5.1,33.0,91,22.2,77,0.0,951.8,3.5,15
2026-10-04 05:00:00,21.4,19.6,605.0,32.1,5.6,34.0,91,23.2,75,0.0,951.9,1.0,22
2026-10-04 06:00:00,21.3,19.5,805.0,37.8,6.0,32.0,89,22.0,79,0.0,951.7,3.5,35
2026-10-04 07:00:00,25.5,24.1,1076.0,45.1,6.7,31.0,88,22.8,77,0.0,951.9,3.5,12
2026-10-04 08:00:00,29.6,27.8,1265.0,46.5,8.7,43.0,88,24.8,71,0.0,952.7,1.8,90
2026-10-04 09:00:00,33.2,24.6,1317.0,36.4,13.4,82.0,87,26.9,60,0.0,953.4,2.9,120
2026-10-04 10:00:00,38.3,27.5,1287.0,20.4,19.3,135.0,87,28.5,58,0.0,953.6,3.3,144
2026-10-04 11:00:00,38.8,28.2,1192.0,8.2,22.7,174.0,88,29.9,55,0.0,953.7,4.3,163
2026-10-04 12:00:00,38.2,27.9,967.0,3.6,21.3,189.0,88,30.9,51,0.0,953.2,4.4,171
2026-10-04 13:00:00,37.5,27.5,677.0,2.8,17.5,191.0,89,31.6,49,0.0,952.7,4.7,180
2026-10-04 14:00:00,36.6,26.8,531.0,4.5,14.4,186.0,90,31.8,48,0.0,951.9,5.2,180
2026-10-04 15:00:00,35.9,26.3,680.0,8.9,13.4,173.0,90,31.9,47,0.0,951.5,4.7,171
2026-10-04 16:00:00,35.2,25.7,973.0,15.9,13.2,153.0,116,31.5,47,0.0,951.0,3.6,147
2026-10-04 17:00:00,47.0,34.6,1170.0,23.4,13.0,128.0,139,30.8,55,0.0,951.2,4.2,100
2026-10-04 18:00:00,53.4,41.3,1155.0,29.7,12.7,113.0,149,28.8,61,0.0,951.3,5.5,67
2026-10-04 19:00:00,57.3,45.2,1043.0,38.4,12.3,92.0,145,27.8,62,0.0,951.9,6.7,87
2026-10-04 20:00:00,60.5,47.7,937.0,44.3,11.9,75.0,127,26.8,69,0.0,952.6,4.1,92
2026-10-04 21:00:00,65.2,51.2,877.0,45.2,11.6,68.0,103,26.0,73,0.0,952.9,5.0,71
2026-10-04 22:00:00,70.1,54.8,823.0,43.3,11.2,65.0,93,25.2,75,0.0,952.9,6.4,50
2026-10-04 23:00:00,73.3,57.6,755.0,40.9,10.7,61.0,93,25.5,76,0.0,953.0,6.9,53
2026-10-05 00:00:00,71.5,57.5,651.0,38.3,9.8,55.0,94,24.8,79,0.0,952.7,8.0,48
2026-10-05 01:00:00,67.1,55.4,534.0,35.2,8.7,49.0,96,24.4,81,0.0,952.4,7.0,42
2026-10-05 02:00:00,62.4,52.6,453.0,32.5,7.8,43.0,98,24.1,83,0.0,951.9,5.9,31
2026-10-05 03:00:00,58.2,49.7,401.0,29.3,7.0,39.0,100,23.7,85,0.0,951.3,5.3,18
2026-10-05 04:00:00,54.4,46.9,384.0,26.6,6.5,35.0,102,23.3,86,0.0,950.8,4.0,355
2026-10-05 05:00:00,60.8,51.6,470.0,30.3,6.6,30.0,105,23.3,88,0.0,951.0,1.9,343
2026-10-05 06:00:00,61.0,52.5,786.0,40.7,7.6,23.0,108,22.6,90,0.0,951.1,2.2,355
2026-10-05 07:00:00,64.0,57.7,1206.0,54.4,9.1,16.0,112,23.5,86,0.0,951.3,2.0,333
2026-10-05 08:00:00,63.8,56.8,1416.0,59.2,11.5,26.0,115,25.8,78,0.0,952.3,1.8,204
2026-10-05 09:00:00,63.8,47.7,1209.0,46.6,16.0,71.0,118,27.6,71,0.0,952.9,3.2,214
2026-10-05 10:00:00,57.3,43.1,793.0,25.2,21.3,134.0,121,29.1,64,0.0,952.9,5.5,232
2026-10-05 11:00:00,52.4,40.2,478.0,9.0,24.5,182.0,122,30.5,56,0.0,953.1,7.5,250
2026-10-05 12:00:00,49.7,38.6,355.0,3.7,23.4,202.0,124,31.3,52,0.0,952.6,7.0,252
2026-10-05 13:00:00,47.4,37.1,333.0,3.7,20.0,208.0,125,31.8,50,0.0,951.7,5.8,254
2026-10-05 14:00:00,45.5,35.9,457.0,6.1,17.5,207.0,126,32.1,49,0.0,951.0,4.5,247
2026-10-05 15:00:00,44.2,35.0,840.0,10.8,17.4,199.0,127,32.2,48,0.0,950.3,3.4,227
2026-10-05 16:00:00,44.8,35.7,1369.0,18.1,18.2,185.0,128,31.9,48,0.0,949.9,5.4,182
2026-10-05 17:00:00,47.0,38.9,1745.0,25.6,18.5,166.0,159,30.8,52,0.0,950.1,7.4,167
2026-10-05 18:00:00,54.0,46.7,1846.0,33.7,17.7,142.0,174,28.6,64,0.0,950.2,3.8,149
2026-10-05 19:00:00,56.1,48.9,1794.0,42.1,16.4,114.0,175,27.6,64,0.0,950.9,6.4,72
2026-10-05 20:00:00,58.3,50.5,1663.0,47.9,15.2,91.0,164,26.9,68,0.0,952.0,7.6,89
2026-10-05 21:00:00,61.2,52.9,1437.0,49.9,14.3,78.0,146,25.9,73,0.0,952.5,6.6,55
2026-10-05 22:00:00,65.4,56.2,1131.0,49.3,13.5,70.0,130,25.5,75,0.0,952.6,5.4,48
2026-10-05 23:00:00,67.1,58.0,863.0,46.7,12.8,66.0,131,25.1,77,0.0,952.6,5.1,45
2026-10-06 00:00:00,65.0,56.6,666.0,41.1,12.1,67.0,131,24.6,80,0.0,952.1,4.6,54
2026-10-06 01:00:00,61.5,54.0,506.0,33.4,11.5,72.0,131,24.1,82,0.0,951.8,5.1,42
2026-10-06 02:00:00,57.4,50.6,400.0,27.5,11.0,74.0,130,23.9,82,0.0,951.4,5.3,28
2026-10-06 03:00:00,54.0,47.7,334.0,23.7,10.3,70.0,130,20.3,89,1.4,954.3,25.4,327
2026-10-06 04:00:00,51.3,45.6,321.0,21.6,9.7,63.0,130,20.0,93,1.2,950.6,21.0,81
2026-10-06 05:00:00,49.2,43.9,422.0,23.8,9.6,56.0,130,20.2,93,0.3,951.8,10.7,299
2026-10-06 06:00:00,48.8,43.5,763.0,35.7,9.9,44.0,129,20.4,93,0.0,951.9,6.0,323
2026-10-06 07:00:00,53.7,48.4,1218.0,51.9,10.8,33.0,128,21.0,93,0.0,953.0,7.0,296
2026-10-06 08:00:00,58.2,51.9,1460.0,58.8,13.1,41.0,127,23.7,80,0.0,954.0,6.6,296
2026-10-06 09:00:00,62.6,50.3,1269.0,47.0,18.6,86.0,127,26.3,65,0.0,954.9,5.4,300
2026-10-06 10:00:00,65.0,51.3,867.0,25.8,25.5,150.0,127,28.2,58,0.0,955.3,2.3,274
2026-10-06 11:00:00,64.7,52.0,588.0,9.8,29.9,199.0,128,29.3,54,0.0,955.1,3.4,205
2026-10-06 12:00:00,63.1,51.2,571.0,4.8,29.3,219.0,129,29.5,53,1.0,954.3,5.6,184
2026-10-06 13:00:00,62.4,51.1,678.0,5.1,26.1,224.0,130,30.2,48,1.0,953.5,3.9,158
2026-10-06 14:00:00,60.5,50.1,835.0,7.6,23.3,220.0,132,30.0,50,0.9,952.8,4.4,117
2026-10-06 15:00:00,56.3,46.7,1059.0,10.6,22.0,208.0,133,30.1,50,0.0,952.5,5.2,112
2026-10-06 16:00:00,55.8,46.8,1332.0,15.9,21.0,187.0,152,29.6,53,0.0,952.5,5.9,137
2026-10-06 17:00:00,55.5,47.3,1525.0,25.8,19.7,159.0,176,28.7,61,0.0,952.6,4.3,132
2026-10-06 18:00:00,59.8,53.8,1602.0,46.6,17.8,118.0,187,26.4,72,0.0,952.7,2.3,23
2026-10-06 19:00:00,61.9,56.8,1600.0,72.0,15.5,70.0,182,24.8,80,0.0,953.3,2.5,330
2026-10-06 20:00:00,59.8,55.5,1496.0,85.5,13.4,39.0,162,23.3,86,0.0,954.0,5.1,288
2026-10-06 21:00:00,56.2,52.4,1221.0,77.2,11.4,39.0,139,23.4,85,0.1,954.2,6.3,3
2026-10-06 22:00:00,52.0,48.1,844.0,57.0,9.5,56.0,139,21.5,86,0.4,954.5,7.8,9
2026-10-06 23:00:00,45.5,41.2,557.0,38.7,7.8,73.0,138,20.5,91,4.5,956.3,15.0,32
2026-10-07 00:00:00,33.2,28.8,448.0,26.1,6.2,86.0,136,20.4,91,1.4,955.8,6.1,161
2026-10-07 01:00:00,24.9,22.2,428.0,15.3,4.7,98.0,133,20.2,95,0.3,955.8,7.3,353
2026-10-07 02:00:00,22.0,20.0,424.0,8.8,3.7,102.0,130,20.2,93,0.3,955.1,4.3,17
2026-10-07 03:00:00,21.5,19.6,397.0,8.1,3.3,91.0,127,20.0,95,0.0,955.5,2.3,288
2026-10-07 04:00:00,20.1,18.5,386.0,11.5,3.4,70.0,124,20.1,96,0.0,955.6,2.5,30
2026-10-07 05:00:00,19.4,17.8,434.0,16.7,3.7,52.0,121,20.5,91,0.0,956.6,1.0,338
2026-10-07 06:00:00,19.8,18.3,609.0,25.2,4.1,33.0,118,20.7,84,0.0,956.9,4.0,324
2026-10-07 07:00:00,24.9,23.3,843.0,35.4,4.8,16.0,115,19.9,91,0.6,957.7,9.7,342
2026-10-07 08:00:00,31.2,29.6,976.0,39.7,6.3,18.0,113,20.9,89,0.4,959.2,8.9,29
2026-10-07 09:00:00,28.2,23.4,908.0,32.8,9.6,56.0,110,22.3,77,0.2,959.6,0.3,225
2026-10-07 10:00:00,32.5,25.0,739.0,20.1,13.8,112.0,108,24.9,63,0.0,960.0,2.2,318
2026-10-07 11:00:00,33.9,25.7,614.0,10.2,16.4,156.0,105,26.6,60,0.0,960.0,4.2,310
2026-10-07 12:00:00,34.2,26.2,550.0,5.9,16.2,174.0,102,27.6,58,0.0,959.0,2.2,270
2026-10-07 13:00:00,34.6,26.5,529.0,4.5,14.4,179.0,100,28.4,52,0.0,958.1,3.5,189
2026-10-07 14:00:00,34.0,26.2,649.0,6.7,13.0,175.0,98,28.3,54,0.0,957.1,5.1,176
2026-10-07 15:00:00,33.2,25.6,995.0,13.1,12.5,161.0,96,28.3,54,0.0,956.7,3.5,152
2026-10-07 16:00:00,32.8,25.4,1481.0,23.1,12.3,138.0,94,28.1,54,0.0,956.5,2.8,108
2026-10-07 17:00:00,35.4,29.1,1942.0,36.1,12.1,112.0,111,27.0,64,0.0,956.3,2.7,70
2026-10-07 18:00:00,44.0,37.8,2406.0,54.7,11.7,82.0,123,25.1,75,0.0,956.1,2.7,42
2026-10-07 19:00:00,48.2,41.6,2844.0,76.4,11.2,48.0,117,24.2,78,0.0,956.4,2.5,21
2026-10-07 20:00:00,51.1,43.5,3008.0,92.6,11.0,23.0,94,23.6,80,0.0,956.9,1.8,11
2026-10-07 21:00:00,54.6,46.0,2704.0,100.0,11.4,12.0,88,23.2,79,0.0,957.2,1.3,352
2026-10-07 22:00:00,58.7,49.5,2125.0,101.9,11.9,9.0,87,22.8,78,0.0,957.4,1.6,333
2026-10-07 23:00:00,65.9,57.0,1600.0,100.3,11.9,8.0,87,22.4,79,0.0,957.2,1.9,338
